product_id,product_name,total_stock,total_received,total_sold,total_stockout_days
1,DragonWear MA-01,9,3,3,4
3,DragonWear MA-03,7577,885,767,84
4,DragonWear MA-04,1504,230,207,40
5,DragonWear MA-05,6,2,2,3
7,DragonWear MA-07,57,36,36,17
8,DragonWear MA-08,6561,753,670,106
9,DragonWear MA-09,2992,509,444,46
10,DragonWear MA-10,30,22,21,11
11,DragonWear MA-11,3,1,1,2
12,DragonWear MA-12,51,23,23,20
13,DragonWear MA-13,129,65,63,41
14,DragonWear MA-14,51,27,27,13
15,DragonWear MA-15,29,22,21,8
17,DragonWear MA-17,769,252,227,58
18,DragonWear MA-18,3,1,1,2
19,DragonWear MA-19,27,7,7,2
20,DragonWear MA-20,12,4,4,5
21,DragonWear MA-21,107,59,57,29
22,DragonWear MA-22,9,4,4,3
23,DragonWear MA-23,41,42,39,22
26,DragonWear MA-26,15727,1601,1382,98
27,DragonWear MA-27,135,28,28,13
28,DragonWear MA-28,54,13,13,6
29,DragonWear MA-29,45,12,12,5
30,DragonWear MA-30,6,2,2,2
31,DragonWear MA-31,947,215,188,28
35,DragonWear MA-35,3,1,1,2
36,DragonWear MA-36,3534,472,406,56
37,DragonWear MA-37,3,1,1,2
38,DragonWear MA-38,187,66,62,32
40,DragonWear MA-40,171,30,30,17
42,DragonWear MA-42,54,10,10,8
43,DragonWear MA-43,45,22,22,10
45,DragonWear MA-45,99,21,21,12
48,DragonWear RP-03,3,1,1,2
49,DragonWear RP-04,3,1,1,2
52,DragonWear RP-07,12,4,4,4
53,DragonWear RP-08,12,4,4,3
54,DragonWear RP-09,65,31,30,22
55,DragonWear RP-10,65,31,30,23
56,DragonWear RP-11,27,11,11,11
57,DragonWear RP-12,27,11,11,10
58,DragonWear RP-13,45,24,24,21
59,DragonWear RP-14,55,26,24,24
60,DragonWear RP-15,9,3,3,1
61,DragonWear RP-16,9,3,3,4
62,DragonWear RP-17,72,19,19,12
63,DragonWear RP-18,72,19,19,14
64,DragonWear RP-19,21,9,9,10
65,DragonWear RP-20,21,9,9,5
66,DragonWear RP-21,33,15,15,11
67,DragonWear RP-22,33,15,15,14
70,DragonWear RS-03,12,3,3,2
71,DragonWear RS-04,3,1,1,2
73,DragonWear RS-06,12,5,5,4
74,DragonWear UM-01,136,112,104,30
76,DragonWear UM-03,781,158,147,34
86,DragonWear UM-13,174,68,63,19
88,DragonWear UM-15,3,1,1,1
89,DragonWear UM-16,176,51,49,23
92,DragonWear UM-19,4028,660,579,70
93,DragonWear UM-20,9897,781,693,93
94,DragonWear UM-21,1017,258,229,61
99,DragonWear UM-26,3,1,1,1
100,DragonWear UM-27,98,33,31,13
103,DragonWear UM-30,9134,809,691,45
106,DragonWear UM-33,979,280,253,79
107,DragonWear UM-34,2655,322,287,63
108,DragonWear UM-35,322,129,117,37
109,DragonWear UM-36,526,303,261,45
111,DragonWear UM-38,3,1,1,0
114,DragonWear UM-41,36,36,36,22
115,DragonWear UM-42,19356,1362,1162,104
125,DragonWear UM-52,3,1,1,0
133,DragonWear UR-04,758,157,147,39
136,DragonWear UR-07,321,94,87,34
141,DragonWear UR-12,48,22,22,14
143,DragonWear UR-14,92,47,46,21
144,DragonWear UR-15,247,93,86,24
150,DragonWear UR-21,228,67,65,28
155,DragonWear UR-26,43,24,23,17
160,DragonWear UR-31,82,22,21,9
163,DragonWear UR-34,1717,349,312,48
164,DragonWear UR-35,66,47,47,25
165,DragonWear UR-36,860,251,233,75
170,DragonWear UR-41,963,147,134,29
173,DragonWear UE-01,55,21,17,2
174,DragonWear UE-02,439,70,69,38
175,DragonWear UE-03,72,11,11,4
176,DragonWear UE-04,54,15,15,12
177,DragonWear UE-05,117,58,54,29
178,DragonWear UE-06,276,51,51,30
180,DragonWear UE-08,609,171,158,42
181,DragonWear UE-09,15,8,7,6
182,DragonWear UE-10,102,22,22,18
183,DragonWear UE-11,1399,583,504,88
185,DragonWear UE-13,5018,435,381,54
187,DragonWear UE-15,295,98,94,38
188,DragonWear UE-16,560,49,46,21
189,DragonWear UC-01,6,2,2,2
190,DragonWear UC-02,89,68,67,23
191,DragonWear UC-03,23,14,13,11
193,DragonWear UC-05,132,66,63,32
195,DragonWear UC-07,47,39,35,11
196,DragonWear UC-08,47,31,30,16
197,DragonWear YY-01,18,4,4,2
198,DragonWear YY-02,43,27,23,4
200,IndigoViet UM-02,1019,310,270,32
201,IndigoViet UM-03,631,378,325,73
202,IndigoViet UM-04,2848,716,610,35
204,IndigoViet UM-06,414,223,202,51
205,IndigoViet UM-07,3,1,1,2
206,IndigoViet UM-08,8072,1187,1000,44
207,IndigoViet UM-09,571,331,299,60
210,IndigoViet UM-12,3,1,1,2
223,LotusWear UM-01,84,21,21,12
224,LotusWear UM-02,311,85,83,46
225,LotusWear UM-03,189,36,36,25
226,LotusWear UM-04,15,5,5,4
227,LotusWear UM-05,234,73,73,47
228,LotusWear UM-06,108,22,22,22
229,LotusWear UR-01,580,162,150,56
230,LotusWear UR-02,12,4,4,4
231,LotusWear UR-03,45,12,12,3
233,LotusWear UR-05,18,9,9,2
234,LotusWear UR-06,9,3,3,3
235,LotusWear UR-07,53,31,29,11
236,LotusWear UR-08,308,159,141,42
237,LotusWear UR-09,666,184,168,34
238,LotusWear UR-10,630,140,135,53
239,LotusWear UR-11,947,199,179,26
240,LotusWear UR-12,2545,401,350,64
241,LotusWear UR-13,84,24,24,10
242,LotusWear UR-14,450,180,169,55
243,LotusWear UR-15,130,55,54,33
244,LotusWear UR-16,176,63,60,19
246,LotusWear UR-18,260,80,78,45
247,LotusWear UR-19,91,36,34,15
248,LotusWear UR-20,90,23,22,13
249,LotusWear UR-21,216,52,52,28
250,LotusWear UR-22,6,2,2,1
251,LotusWear UR-23,126,39,39,22
252,LotusWear UR-24,597,113,103,18
253,LotusWear UR-25,210,45,44,19
256,LotusWear UR-28,54,11,11,9
257,LotusWear UR-29,6,2,2,3
258,LotusWear UR-30,171,31,31,19
259,LotusWear UR-31,321,126,121,55
260,LotusWear UR-32,84,37,37,27
261,LotusWear UR-33,881,139,129,38
262,LotusWear UR-34,9,3,3,2
264,LotusWear UR-36,236,90,89,30
267,LotusWear UR-39,865,215,201,55
269,LotusWear UR-41,45,23,23,11
270,LotusWear UR-42,71,30,29,17
271,LotusWear UR-43,18,7,7,7
272,LotusWear UR-44,42,18,18,9
273,LotusWear UR-45,206,63,60,15
274,LotusWear UR-46,643,66,63,32
275,LotusWear UR-47,12,3,3,0
276,LotusWear UR-48,141,130,121,58
277,LotusWear UR-49,216,50,50,27
278,LotusWear UR-50,54,29,28,12
279,LotusWear UR-51,72,21,20,18
280,LotusWear UE-01,1778,178,161,30
281,LotusWear UE-02,35,29,28,14
282,LotusWear UE-03,122,28,25,7
289,LotusWear UE-10,24,5,5,6
291,LotusWear UE-12,30,10,10,6
292,LotusWear UE-13,253,63,57,7
294,LotusWear UE-15,60,19,19,11
295,LotusWear UE-16,476,170,155,28
296,LotusWear UE-17,6,2,2,4
297,LotusWear UE-18,42,24,24,12
299,LotusWear UE-20,202,95,92,42
300,LotusWear UE-21,62,13,12,5
304,LotusWear UE-25,99,47,47,29
305,LotusWear UE-26,183,57,54,25
306,LotusWear UE-27,459,75,74,42
307,LotusWear UE-28,187,38,35,8
308,LotusWear UE-29,68,41,36,18
310,LotusWear UE-31,3,1,1,1
311,LotusWear UE-32,107,84,82,38
312,LotusWear UE-33,9,3,3,2
313,LotusWear UE-34,63,12,12,4
318,LotusWear UE-39,21,7,7,6
319,LotusWear UE-40,3,1,1,1
321,LotusWear UE-42,714,142,138,46
322,LotusWear UE-43,1480,182,161,32
323,LotusWear UE-44,12,4,4,5
324,LotusWear UE-45,312,31,29,17
325,LotusWear UE-46,45,24,24,18
326,LotusWear UE-47,30,14,14,9
327,LotusWear UE-48,45,16,16,10
330,LotusWear UE-51,3,1,1,2
331,LotusWear UE-52,76,24,23,12
332,LotusWear UE-53,778,84,80,36
333,LotusWear UE-54,1440,338,290,42
334,LotusWear UE-55,354,37,34,12
335,LotusWear UE-56,238,110,103,35
336,LotusWear UE-57,64,46,40,24
338,LotusWear UE-59,216,41,37,8
339,LotusWear UE-60,36,9,9,2
341,LotusWear UE-62,9,4,4,3
342,LotusWear UE-63,2946,367,319,50
346,LotusWear UE-67,96,22,22,19
347,LotusWear UE-68,128,31,30,10
348,LotusWear UE-69,36,15,15,7
349,LotusWear UE-70,162,85,81,34
350,LotusWear UE-71,66,33,33,25
351,LotusWear UE-72,42,9,9,7
352,LotusWear UE-73,128,17,16,6
353,LotusWear UE-74,24,11,11,7
355,LotusWear UE-76,33,14,14,12
356,LotusWear UE-77,207,108,103,39
359,LotusWear UE-80,220,93,89,27
360,LotusWear UE-81,30,7,7,6
361,LotusWear UE-82,51,23,23,17
362,LotusWear UE-83,917,310,275,27
364,LotusWear UE-85,12,4,4,4
366,LotusWear UE-87,70,41,40,18
369,LotusWear UE-90,72,32,31,22
370,LotusWear UE-91,3,1,1,1
371,LotusWear UE-92,330,67,65,20
372,LotusWear UE-93,48,19,18,1
373,LotusWear UE-94,27,10,10,9
375,LotusWear UE-96,137,66,64,38
379,LotusWear UE-00,66,18,18,11
382,LotusWear UE-03,126,28,28,11
383,LotusWear UE-04,1392,114,104,34
384,LotusWear UE-05,144,26,26,17
385,LotusWear UE-06,453,64,59,28
386,LotusWear UE-07,36,6,6,3
387,LotusWear UC-01,30,9,9,8
388,LotusWear UC-02,468,131,114,17
389,LotusWear UC-03,232,84,77,24
390,LotusWear UC-04,44,17,15,12
392,SaigonFlex RP-01,24,6,6,7
393,SaigonFlex RP-02,24,6,6,7
394,SaigonFlex RS-01,126,39,39,23
395,SaigonFlex RS-02,7,9,8,4
396,SaigonFlex UM-01,49107,6020,5041,59
398,SaigonFlex UM-03,36,54,47,25
400,SaigonFlex UM-05,25832,2119,1823,102
401,SaigonFlex UM-06,285,77,71,23
402,SaigonFlex UM-07,707,439,373,49
403,SaigonFlex UM-08,191,91,83,16
404,SaigonFlex UM-09,699,207,179,17
405,SaigonFlex UM-10,2542,360,314,24
406,SaigonFlex UM-11,133,60,55,15
407,SaigonFlex UM-12,8607,2507,2122,100
408,SaigonFlex UM-13,144,98,82,5
409,SaigonFlex UM-14,7258,2361,1989,76
410,SaigonFlex UM-15,1606,356,305,21
412,SaigonFlex UM-17,1508,324,276,20
413,SaigonFlex UM-18,6,2,2,1
414,SaigonFlex UM-19,236,95,88,30
415,SaigonFlex UM-20,10057,885,765,77
416,SaigonFlex UM-21,33,12,12,15
417,SaigonFlex UM-22,39,28,27,10
418,SaigonFlex UM-23,5600,1112,950,55
419,SaigonFlex UM-24,539,126,113,16
420,SaigonFlex UM-25,1779,596,507,51
421,SaigonFlex UM-26,33,52,43,26
422,SaigonFlex UM-27,5946,1471,1244,58
423,SaigonFlex UM-28,569,246,218,45
424,SaigonFlex UM-29,1638,270,233,20
425,SaigonFlex UM-30,744,313,263,46
426,SaigonFlex UM-31,8440,1788,1504,104
427,SaigonFlex UM-32,971,114,103,35
428,SaigonFlex UM-33,1246,631,534,15
429,SaigonFlex UM-34,1102,258,222,19
430,SaigonFlex UM-35,386,122,120,48
431,SaigonFlex UM-36,1000,487,416,18
432,SaigonFlex UM-37,13010,2620,2217,82
433,SaigonFlex UM-38,32392,3738,3163,104
435,SaigonFlex UM-40,2218,358,298,20
436,SaigonFlex UM-41,967,143,123,15
437,SaigonFlex UM-42,828,370,320,60
438,SaigonFlex UM-43,76669,10865,9124,174
440,SaigonFlex UM-45,2016,262,229,11
442,SaigonFlex UM-47,54,22,22,19
443,SaigonFlex UM-48,51349,4214,3541,117
444,SaigonFlex UM-49,59,24,21,1
445,SaigonFlex UM-50,27408,3171,2664,55
447,SaigonFlex UM-52,1700,639,542,85
449,SaigonFlex UM-54,17929,5592,4684,31
450,SaigonFlex UM-55,421,299,256,34
451,SaigonFlex UM-56,2310,1331,1131,46
452,SaigonFlex UM-57,41,32,28,4
455,SaigonFlex UM-60,523,158,138,20
456,SaigonFlex UM-61,5193,650,551,18
457,SaigonFlex UM-62,6562,816,687,41
458,SaigonFlex UM-63,114,32,29,5
459,SaigonFlex UM-64,400,175,153,30
460,SaigonFlex UM-65,3795,525,449,37
461,SaigonFlex UM-66,2449,1148,982,12
462,SaigonFlex UM-67,115,28,26,4
464,SaigonFlex UM-69,871,215,191,16
466,SaigonFlex UM-71,45,27,27,21
467,SaigonFlex UM-72,15140,2292,1923,35
470,SaigonFlex UM-75,2370,1367,1144,72
471,SaigonFlex UM-76,1091,619,522,29
472,SaigonFlex UM-77,2529,1112,933,77
473,SaigonFlex UM-78,154,101,90,42
475,SaigonFlex UM-80,55785,7639,6434,52
476,SaigonFlex UM-81,496,290,249,40
478,SaigonFlex UM-83,1200,213,189,26
479,SaigonFlex UM-84,352,140,124,32
481,SaigonFlex UM-86,224,57,55,24
482,SaigonFlex UM-87,84,20,20,14
483,SaigonFlex UM-88,41,24,21,5
484,SaigonFlex UM-89,200,22,21,4
485,SaigonFlex UM-90,102,14,13,5
486,SaigonFlex UM-91,281,178,157,39
487,SaigonFlex UM-92,98415,11445,9623,82
488,SaigonFlex UM-93,7098,956,809,47
489,SaigonFlex UM-94,5913,958,831,121
490,SaigonFlex UM-95,1819,479,421,44
491,SaigonFlex UM-96,76830,8404,7048,155
492,SaigonFlex UM-97,223,116,113,65
493,SaigonFlex UM-98,1475,762,653,66
494,SaigonFlex UM-99,285,208,181,40
495,SaigonFlex UM-00,10777,1292,1098,59
496,SaigonFlex UM-01,39830,4437,3716,81
497,SaigonFlex UM-02,509,299,259,76
498,SaigonFlex UM-03,2271,413,350,18
499,SaigonFlex UM-04,22098,3044,2547,67
500,SaigonFlex UM-05,784,169,151,29
501,SaigonFlex UM-06,3050,481,425,76
502,SaigonFlex UM-07,2219,1000,855,57
503,SaigonFlex UM-08,715,357,308,79
504,SaigonFlex UM-09,677,213,182,34
505,SaigonFlex UM-10,61,70,63,18
506,SaigonFlex UM-11,27258,5017,4132,42
508,SaigonFlex UM-13,567,363,308,69
510,SaigonFlex UM-15,12671,2014,1720,71
511,SaigonFlex UM-16,336,75,63,5
512,SaigonFlex UR-01,20116,1261,1106,98
513,SaigonFlex UE-01,117,20,20,18
514,SaigonFlex UE-02,269,27,24,11
515,SaigonFlex UE-03,718,166,158,51
516,SaigonFlex UE-04,4321,663,584,106
517,SaigonFlex UE-05,182,110,102,39
518,SaigonFlex UE-06,614,105,98,36
519,SaigonFlex UE-07,3,1,1,1
520,SaigonFlex UE-08,255,145,128,66
521,SaigonFlex UE-09,3,1,1,1
523,SaigonFlex UE-11,1564,184,173,67
524,SaigonFlex UE-12,9,3,3,3
525,SaigonFlex UE-13,773,146,135,31
527,SaigonFlex UE-15,24,8,8,8
528,SaigonFlex UE-16,2154,344,312,56
529,SaigonFlex UE-17,1296,258,242,71
530,SaigonFlex UE-18,21,8,8,7
531,SaigonFlex UE-19,1825,395,340,41
532,SaigonFlex UE-20,711,60,58,34
533,SaigonFlex UE-21,3503,367,328,77
534,SaigonFlex UE-22,929,226,214,77
535,SaigonFlex UE-23,132,34,34,23
536,SaigonFlex UC-01,103,32,29,6
537,SaigonFlex UC-02,345,114,101,18
538,SaigonFlex UC-03,60,19,19,8
539,SaigonFlex UC-04,1068,245,211,17
540,SaigonFlex UC-05,818,110,97,17
541,SaigonFlex UC-06,222,85,78,35
542,SaigonFlex UC-07,335,100,93,32
544,SaigonFlex UC-09,434,174,155,33
545,SaigonFlex UC-10,4316,804,689,45
546,SaigonFlex UC-11,1023,214,192,33
547,SaigonFlex UC-12,253,160,142,44
548,SaigonFlex UC-13,41577,3803,3204,74
549,SaigonFlex UC-14,4434,1345,1131,62
550,SaigonFlex UC-15,4868,593,514,30
551,SaigonFlex UC-16,24485,4738,4048,69
552,SaigonFlex UC-17,6,2,2,0
553,SaigonFlex UC-18,641,197,174,32
554,SaigonFlex UC-19,198,55,55,37
555,SaigonFlex UC-20,1448,380,326,15
556,SaigonFlex UC-21,6626,1079,919,31
557,SaigonFlex UC-22,3166,362,311,28
559,SaigonFlex UC-24,44926,3347,2843,117
562,SaigonFlex UC-27,506,203,178,35
563,SaigonFlex UC-28,856,602,513,81
564,SaigonFlex UC-29,3,1,1,0
565,SaigonFlex UC-30,12727,1016,869,66
566,SaigonFlex UC-31,4553,613,517,21
567,SaigonFlex UC-32,9047,1390,1189,101
568,SaigonFlex UC-33,1756,290,262,46
569,SaigonFlex UC-34,236,71,66,21
570,SaigonFlex UC-35,870,231,200,25
571,SaigonFlex UC-36,3868,832,727,33
572,SaigonFlex UC-37,11440,1660,1407,93
573,SaigonFlex UC-38,6588,868,744,30
574,SaigonFlex UC-39,9229,592,515,55
575,SaigonFlex UC-40,3044,777,652,29
576,SaigonFlex UC-41,284,116,102,14
577,SaigonFlex UC-42,10589,1219,1035,37
578,SaigonFlex UC-43,16344,2277,1911,68
579,SaigonFlex UC-44,890,151,138,28
580,SaigonFlex UC-45,18879,2165,1869,101
581,SaigonFlex UC-46,937,224,196,22
583,SaigonFlex UC-48,396,157,138,20
585,SaigonFlex UC-50,8976,2107,1775,100
586,SaigonFlex UC-51,4095,943,794,22
588,SaigonFlex UC-53,185,81,77,26
589,SaigonFlex UC-54,1698,681,581,16
590,SaigonFlex UC-55,6603,1154,984,137
591,SaigonFlex UC-56,3386,577,493,40
592,SaigonFlex UC-57,909,236,205,16
593,SaigonFlex UC-58,1162,251,221,34
595,SaigonFlex UC-60,2713,719,606,84
596,SaigonFlex UC-61,51193,2861,2425,116
599,SaigonFlex UC-64,14481,2249,1906,124
600,SaigonFlex UC-65,15885,2324,1931,56
601,SaigonFlex UC-66,396,239,206,49
602,SaigonFlex UC-67,164,118,107,41
603,SaigonFlex UC-68,368,108,99,14
604,SaigonFlex UC-69,208932,12528,10506,132
605,SaigonFlex UC-70,28698,3037,2604,95
606,SaigonFlex UC-71,6815,986,843,22
607,SaigonFlex UC-72,6,2,2,2
608,SaigonFlex UC-73,175,72,66,16
609,SaigonFlex UC-74,83514,5267,4465,136
610,SaigonFlex UC-75,65,37,35,17
611,SaigonFlex UC-76,1812,327,272,24
612,SaigonFlex UC-77,120,87,77,27
614,SaigonFlex UC-79,187,53,46,6
615,SaigonFlex UC-80,24126,3038,2563,87
617,SaigonFlex UC-82,1053,483,414,90
618,SaigonFlex UC-83,287,30,28,11
619,SaigonFlex UC-84,6,2,2,2
622,SaigonFlex UC-87,7864,1525,1301,52
623,SaigonFlex UC-88,1119,253,222,28
625,SaigonFlex UC-90,127,82,75,34
626,SaigonFlex UC-91,1055,189,167,20
627,SaigonFlex UC-92,66,38,35,18
628,SaigonFlex UC-93,90,15,15,14
629,SaigonFlex UC-94,27,9,9,11
630,SaigonFlex UC-95,406,169,147,38
631,SaigonFlex UC-96,10969,1508,1251,49
632,SaigonFlex UC-97,1593,452,376,17
633,SaigonFlex UC-98,2370,334,292,33
634,SaigonFlex UC-99,728,369,311,81
635,SaigonFlex UC-00,53931,5112,4284,58
636,SaigonFlex UC-01,27161,3613,3060,143
637,SaigonFlex UC-02,2080,319,283,44
638,SaigonFlex UC-03,872,321,270,12
639,SaigonFlex UC-04,1744,221,192,26
640,SaigonFlex UC-05,539,324,274,41
641,SaigonFlex UC-06,10292,2058,1748,53
642,SaigonFlex UC-07,2903,645,537,24
643,SaigonFlex UC-08,12,3,3,3
644,SaigonFlex UC-09,12319,2298,1906,84
645,SaigonFlex UC-10,1408,199,180,39
646,SaigonFlex UC-11,192,92,82,26
647,SaigonFlex UC-12,21042,2116,1783,66
648,SaigonFlex UC-13,3603,580,500,45
649,SaigonFlex UC-14,108,80,72,27
650,SaigonFlex UC-15,25086,2806,2340,168
651,SaigonFlex UC-16,1387,454,382,7
652,SaigonFlex UC-17,283,82,76,19
653,SaigonFlex UC-18,831,543,461,85
654,SaigonFlex UC-19,41,25,23,4
655,SaigonFlex UC-20,529,171,149,29
656,SaigonFlex UC-21,1659,460,384,19
657,SaigonFlex UC-22,9638,2876,2446,104
658,SaigonFlex UC-23,543,130,115,15
659,SaigonFlex UC-24,2506,339,296,35
660,SaigonFlex UC-25,4007,1364,1133,109
662,SaigonFlex UC-27,626,155,134,21
663,SaigonFlex UC-28,3,1,1,2
666,SaigonFlex UC-31,520,168,144,20
667,SaigonFlex UC-32,480,145,126,18
668,SaigonFlex UC-33,27,50,42,27
669,SaigonFlex UC-34,872,372,318,87
670,SaigonFlex UC-35,3382,808,705,71
671,SaigonFlex UC-36,19225,1274,1064,31
672,SaigonFlex UC-37,39,22,22,13
674,SaigonFlex UC-39,32577,3986,3354,108
675,SaigonFlex UC-40,5000,1242,1066,49
676,SaigonFlex UC-41,68819,3564,3007,113
681,SaigonFlex UC-46,27942,2346,1953,83
682,SaigonFlex UC-47,1833,308,264,21
683,SaigonFlex UC-48,1645,382,339,40
684,SaigonFlex UC-49,4473,697,597,50
685,SaigonFlex UC-50,2407,339,307,68
686,SaigonFlex UC-51,3171,435,376,55
687,SaigonFlex UC-52,563,162,144,23
688,SaigonFlex UC-53,1019,312,264,11
689,SaigonFlex UC-54,21460,2970,2477,80
690,SaigonFlex UC-55,38292,4224,3578,149
691,SaigonFlex UC-56,7340,600,526,55
692,SaigonFlex UC-57,3,1,1,0
699,HanoiStreet MA-06,5354,724,633,40
702,HanoiStreet MA-09,28741,2071,1784,125
706,HanoiStreet MA-13,375,165,149,47
711,HanoiStreet MA-18,595,179,152,7
713,HanoiStreet RP-01,1499,93,88,20
714,HanoiStreet RP-02,1556,95,88,31
715,HanoiStreet RP-03,15828,1009,872,71
716,HanoiStreet RP-04,16668,1024,872,70
717,HanoiStreet RP-05,687,137,125,36
718,HanoiStreet RP-06,647,136,125,33
719,HanoiStreet RP-07,62,145,116,40
720,HanoiStreet RP-08,59,143,116,41
725,HanoiStreet RP-13,38550,3545,2950,43
726,HanoiStreet RP-14,34757,3442,2950,43
727,HanoiStreet RP-15,6,2,2,3
728,HanoiStreet RP-16,6,2,2,2
729,HanoiStreet RP-17,11829,888,762,59
730,HanoiStreet RP-18,11622,881,762,59
733,HanoiStreet RP-21,111289,7866,6631,130
734,HanoiStreet RP-22,115451,7922,6631,135
735,HanoiStreet RP-23,57943,2915,2456,91
736,HanoiStreet RP-24,58725,2920,2456,101
739,HanoiStreet RP-27,3877,160,141,22
740,HanoiStreet RP-28,3725,155,141,29
743,HanoiStreet RP-31,9,3,3,2
744,HanoiStreet RP-32,9,3,3,2
745,HanoiStreet RP-33,9060,623,533,53
746,HanoiStreet RP-34,8671,615,533,41
753,HanoiStreet RP-41,6734,659,570,61
754,HanoiStreet RP-42,7160,668,570,54
757,HanoiStreet RP-45,29398,3197,2649,38
758,HanoiStreet RP-46,28907,3178,2649,48
759,HanoiStreet RP-47,115247,7317,6154,117
760,HanoiStreet RP-48,117864,7344,6154,132
761,HanoiStreet RP-49,108405,6612,5554,123
762,HanoiStreet RP-50,111088,6637,5554,119
763,HanoiStreet RP-51,57630,4662,3932,169
764,HanoiStreet RP-52,53121,4613,3932,185
767,HanoiStreet RP-55,21683,2314,1941,38
768,HanoiStreet RP-56,21769,2315,1941,40
769,HanoiStreet RP-57,14469,836,736,95
770,HanoiStreet RP-58,14342,837,736,100
771,HanoiStreet RP-59,18,6,6,7
772,HanoiStreet RP-60,18,6,6,7
777,HanoiStreet RP-65,57014,4979,4208,159
778,HanoiStreet RP-66,61625,5025,4208,160
779,HanoiStreet RP-67,59408,3137,2680,108
780,HanoiStreet RP-68,60949,3147,2680,105
781,HanoiStreet RP-69,55932,4807,4073,168
782,HanoiStreet RP-70,54346,4788,4073,158
785,HanoiStreet RP-73,49836,5178,4388,40
786,HanoiStreet RP-74,53908,5294,4388,51
787,HanoiStreet RP-75,7301,660,587,86
788,HanoiStreet RP-76,7614,662,587,84
789,HanoiStreet RP-77,4372,549,472,53
790,HanoiStreet RP-78,4584,555,472,40
791,HanoiStreet RP-79,212593,15780,13149,177
792,HanoiStreet RP-80,210741,15724,13149,156
793,HanoiStreet RP-81,85948,7060,5963,130
794,HanoiStreet RP-82,89123,7096,5963,143
795,HanoiStreet RP-83,7551,723,630,44
796,HanoiStreet RP-84,7980,735,630,53
797,HanoiStreet RS-01,11905,1207,1022,89
800,HanoiStreet RS-04,3074,531,458,93
801,HanoiStreet RS-05,15,7,7,7
802,HanoiStreet RS-06,447,38,36,13
803,HanoiStreet RS-07,2196,510,451,92
804,HanoiStreet RS-08,10437,969,842,65
805,HanoiStreet RS-09,258,67,66,35
806,HanoiStreet RS-10,32,12,10,1
807,HanoiStreet RS-11,4111,529,461,65
808,HanoiStreet RS-12,31198,2971,2538,89
809,HanoiStreet RS-13,13155,926,810,65
811,HanoiStreet RS-15,15,5,5,3
812,HanoiStreet RS-16,3,1,1,1
813,HanoiStreet RS-17,150,32,32,28
816,HanoiStreet RS-20,13338,1933,1626,123
819,HanoiStreet UM-03,33013,2779,2383,121
822,HanoiStreet UM-06,210,158,133,24
823,HanoiStreet UM-07,54,11,11,6
826,HanoiStreet UM-10,170769,9885,8315,110
827,HanoiStreet UM-11,24,14,14,9
828,HanoiStreet UM-12,490,181,166,73
835,HanoiStreet UM-19,311,134,125,47
837,HanoiStreet UM-21,108,16,16,8
838,HanoiStreet UM-22,9,3,3,4
839,HanoiStreet UM-23,3947,443,402,85
842,HanoiStreet UM-26,12,3,3,0
843,HanoiStreet UM-27,6,2,2,3
846,HanoiStreet UM-30,120,32,32,20
847,HanoiStreet UM-31,3,1,1,1
852,HanoiStreet UM-36,15,5,5,4
853,HanoiStreet UM-37,6,2,2,3
854,HanoiStreet UM-38,10798,950,832,113
862,HanoiStreet UR-08,4635,567,509,105
863,HanoiStreet UR-09,310,100,90,37
881,HanoiStreet UR-27,3,1,1,0
882,HanoiStreet UR-28,755,108,101,28
895,HanoiStreet UE-04,7595,558,498,65
896,HanoiStreet UE-05,63,33,33,21
897,HanoiStreet UE-06,216,35,35,23
899,HanoiStreet UE-08,182,83,76,26
901,HanoiStreet UE-10,3,1,1,0
905,HanoiStreet UE-14,582,201,195,76
906,HanoiStreet UE-15,8347,791,701,87
907,HanoiStreet UE-16,75445,7012,5869,191
908,HanoiStreet UE-17,2224,1189,1007,59
909,HanoiStreet UE-18,300,143,127,19
910,HanoiStreet UE-19,43528,2146,1846,77
913,HanoiStreet UE-22,1239,274,251,63
914,HanoiStreet UE-23,1094,161,147,37
915,HanoiStreet UE-24,15563,1415,1183,44
916,HanoiStreet UE-25,496,94,89,26
921,HanoiStreet UE-30,153,27,27,18
922,HanoiStreet UE-31,1896,249,225,49
926,HanoiStreet UE-35,350,111,103,38
927,HanoiStreet UE-36,151245,10674,9002,120
930,HanoiStreet UE-39,5996,764,678,112
933,HanoiStreet UE-42,240,23,23,12
935,HanoiStreet UE-44,3,1,1,1
936,HanoiStreet UE-45,2183,138,128,33
937,HanoiStreet UE-46,252,34,34,11
939,HanoiStreet UC-02,22678,2867,2416,185
940,HanoiStreet UC-03,1533,299,265,30
942,HanoiStreet UC-05,496,166,152,26
943,HanoiStreet UC-06,18,7,7,3
945,HanoiStreet UC-08,5183,1164,989,89
946,HanoiStreet UC-09,4024,747,638,47
947,HanoiStreet UC-10,1307,275,252,63
948,HanoiStreet UC-11,544,173,161,57
949,HanoiStreet UC-12,328,64,63,32
950,HanoiStreet UC-13,93,50,50,28
952,HanoiStreet UC-15,4508,658,577,71
954,HanoiStreet UC-17,9298,1229,1031,51
955,HanoiStreet UC-18,934,256,235,70
956,HanoiStreet UC-19,550,183,175,72
957,HanoiStreet UC-20,425,136,128,68
958,HanoiStreet UC-21,188,99,96,49
959,HanoiStreet UC-22,450,202,183,74
962,HanoiStreet UC-25,78,22,22,15
963,HanoiStreet UC-26,1483,584,504,74
964,HanoiStreet UC-27,34785,2490,2155,48
965,HanoiStreet UC-28,32095,3565,3054,89
966,HanoiStreet UC-29,54951,3912,3307,104
967,HanoiStreet UC-30,41113,2575,2198,101
968,HanoiStreet UC-31,303,122,118,50
971,HanoiStreet UC-34,3433,149,138,40
972,HanoiStreet UC-35,18,7,7,6
973,HanoiStreet UC-36,775,223,200,29
974,HanoiStreet UC-37,843,227,200,43
975,HanoiStreet UC-38,45,24,24,14
976,HanoiStreet UC-39,79438,5501,4564,86
977,HanoiStreet UC-40,77810,5780,4866,106
978,HanoiStreet UC-41,196,109,99,42
979,HanoiStreet UC-42,1164,190,170,34
980,HanoiStreet UC-43,459,159,145,36
981,HanoiStreet UC-44,91734,6335,5387,121
982,HanoiStreet UC-45,422,192,179,57
985,HanoiStreet UC-48,1577,319,292,84
989,HanoiStreet UC-52,26071,1962,1659,103
990,HanoiStreet UC-53,37276,2730,2306,94
992,HanoiStreet UC-55,52170,3479,2892,85
993,HanoiStreet UC-56,107295,7991,6615,181
995,HanoiStreet UC-58,1573,224,202,41
996,HanoiStreet UC-59,612,187,178,70
997,HanoiStreet UC-60,823,265,250,115
998,HanoiStreet UC-61,81,45,45,26
999,HanoiStreet UC-62,235,123,115,46
1000,HanoiStreet YY-01,104998,6531,5561,126
1001,HanoiStreet YY-02,16501,1188,1048,124
1002,HanoiStreet YY-03,841,249,224,49
1003,HanoiStreet YY-04,225,24,24,13
1005,HanoiStreet YY-06,21900,1560,1338,79
1006,HanoiStreet YY-07,9624,869,750,99
1007,HanoiStreet YY-08,680,243,230,89
1008,HanoiStreet YY-09,1869,438,389,81
1009,HanoiStreet YY-10,51315,5576,4717,215
1012,HanoiStreet YY-13,750,305,266,43
1013,HanoiStreet YY-14,935,241,205,4
1014,HanoiStreet YY-15,454,40,38,13
1017,HanoiStreet YY-18,10014,1185,1020,76
1019,HanoiStreet YY-20,1219,376,331,44
1022,HanoiStreet YY-23,3411,713,601,38
1026,HanoiStreet YY-27,753,229,196,5
1029,MekongStyle UC-01,3,1,1,2
1031,MekongStyle UC-03,9,3,3,1
1034,MekongStyle UC-06,541,135,120,13
1035,MekongStyle UC-07,3,1,1,0
1037,MekongStyle UC-09,3,1,1,2
1040,MekongStyle UC-12,775,226,195,11
1041,MekongStyle UC-13,617,116,106,14
1042,MekongStyle UC-14,9,3,3,3
1043,MekongFit MA-01,4693,763,665,69
1044,MekongFit MA-02,872,201,179,38
1045,MekongFit MA-03,2184,389,343,50
1046,MekongFit MA-04,305,58,56,24
1047,MekongFit MA-05,1481,173,163,53
1048,MekongFit MA-06,3,1,1,0
1049,MekongFit MA-07,3834,872,759,144
1050,MekongFit MA-08,1010,272,244,49
1052,MekongFit MA-10,2888,663,569,56
1053,MekongFit MA-11,58354,5665,4801,125
1054,MekongFit MA-12,3,1,1,1
1055,MekongFit RP-01,3,1,1,0
1056,MekongFit RP-02,3,1,1,0
1057,MekongFit RP-03,8257,982,855,85
1058,MekongFit RP-04,9115,993,855,71
1059,MekongFit RP-05,5709,938,809,60
1060,MekongFit RP-06,6164,946,809,56
1061,MekongFit RP-07,37755,1911,1645,120
1062,MekongFit RP-08,40103,1934,1645,138
1063,MekongFit RP-09,6,2,2,1
1064,MekongFit RP-10,6,2,2,1
1065,MekongFit RP-11,12740,1145,977,70
1066,MekongFit RP-12,12574,1140,977,72
1067,MekongFit RP-13,1036,225,201,31
1068,MekongFit RP-14,1181,232,201,26
1069,MekongFit RP-15,2382,448,390,64
1070,MekongFit RP-16,2555,452,390,65
1073,MekongFit RP-19,3,1,1,1
1074,MekongFit RP-20,3,1,1,1
1075,MekongFit RP-21,433,73,67,23
1076,MekongFit RP-22,316,68,67,22
1077,MekongFit RP-23,6437,1145,972,56
1078,MekongFit RP-24,6262,1136,972,54
1079,MekongFit RP-25,3,1,1,1
1080,MekongFit RP-26,3,1,1,2
1081,MekongFit RP-27,1995,335,305,57
1082,MekongFit RP-28,2117,339,305,71
1085,MekongFit RP-31,107605,7672,6381,122
1086,MekongFit RP-32,106083,7655,6381,113
1087,MekongFit RP-33,816,187,172,49
1088,MekongFit RP-34,791,186,172,64
1089,MekongFit RP-35,3026,371,328,51
1090,MekongFit RP-36,2974,367,328,51
1091,MekongFit RP-37,547,172,159,61
1092,MekongFit RP-38,577,173,159,75
1093,MekongFit RP-39,7238,928,805,127
1094,MekongFit RP-40,6524,915,805,148
1095,MekongFit RP-41,5648,693,612,80
1096,MekongFit RP-42,5876,699,612,100
1097,MekongFit RP-43,18160,2303,1944,91
1098,MekongFit RP-44,17887,2291,1944,95
1099,MekongFit RP-45,6,2,2,2
1100,MekongFit RP-46,6,2,2,0
1101,MekongFit RP-47,6,3,3,2
1102,MekongFit RP-48,6,3,3,4
1103,MekongFit RP-49,4002,643,562,59
1104,MekongFit RP-50,3689,638,562,64
1105,MekongFit RP-51,3053,441,402,95
1106,MekongFit RP-52,3514,449,402,95
1107,MekongFit RP-53,12,5,5,4
1108,MekongFit RP-54,12,5,5,3
1109,MekongFit RP-55,2733,415,378,74
1110,MekongFit RP-56,2769,416,378,73
1111,MekongFit RP-57,760,161,149,44
1112,MekongFit RP-58,715,158,149,42
1113,MekongFit RS-01,4592,459,411,82
1114,MekongFit RS-02,25885,1589,1374,109
1115,MekongFit RS-03,22025,2757,2324,94
1116,MekongFit RS-04,6169,850,737,115
1117,MekongFit RS-05,977,229,205,64
1118,MekongFit RS-06,962,542,475,63
1119,MekongFit RS-07,1676,418,363,61
1120,MekongFit RS-08,14050,1052,934,121
1121,MekongFit RS-09,3,1,1,2
1122,MekongFit RS-10,63,17,15,2
1123,MekongFit RS-11,592,138,127,35
1124,MekongFit UM-01,10692,1518,1292,92
1125,MekongFit UM-02,459,159,149,44
1126,MekongFit UM-03,178,97,92,40
1127,MekongFit UM-04,715,142,129,39
1129,MekongFit UM-06,23391,2622,2227,90
1131,MekongFit UM-08,3624,585,523,78
1132,MekongFit UM-09,36,8,8,8
1133,MekongFit UM-10,633,114,103,23
1134,MekongFit UM-11,1173,302,266,47
1136,MekongFit UM-13,1856,330,285,55
1137,MekongFit UM-14,4515,853,746,67
1138,MekongFit UM-15,6,2,2,2
1139,MekongFit UM-16,7615,764,650,44
1140,MekongFit UM-17,2231,301,264,45
1141,MekongFit UM-18,509,241,208,35
1142,MekongFit UM-19,3561,406,362,56
1143,MekongFit UM-20,2036,330,291,37
1144,MekongFit UR-01,3199,496,435,52
1145,MekongFit UR-02,1154,276,240,22
1148,MekongFit UR-05,892,175,156,29
1149,MekongFit UR-06,3,1,1,2
1150,MekongFit UR-07,100,75,70,27
1153,MekongFit UR-10,964,268,233,62
1155,MekongFit UR-12,8262,913,802,121
1156,MekongFit UR-13,180,43,43,23
1157,MekongFit UR-14,18,6,6,4
1165,MekongFit UE-01,9600,1338,1134,54
1166,MekongFit UE-02,24,13,13,12
1167,MekongFit UE-03,18,6,6,2
1168,MekongFit UE-04,1338,306,271,25
1169,MekongFit UE-05,3,1,1,1
1170,MekongFit UE-06,1437,444,386,84
1171,MekongFit UE-07,27332,3435,2922,103
1172,MekongFit UE-08,13510,2204,1886,116
1173,MekongFit UE-09,3582,386,338,38
1174,MekongFit UE-10,3533,466,404,54
1175,MekongFit UE-11,18866,2446,2090,146
1176,MekongFit UE-12,13,11,10,6
1177,MekongFit UE-13,100,181,152,51
1178,MekongFit UE-14,10922,1534,1297,109
1179,MekongFit UE-15,651,268,230,23
1180,MekongFit UE-16,5419,1388,1184,95
1181,MekongFit UE-17,5749,1611,1343,123
1182,MekongFit UE-18,125053,11047,9242,140
1183,MekongFit UE-19,7156,1210,1027,56
1184,MekongFit UE-20,272,52,51,21
1186,MekongFit UE-22,21414,1757,1521,110
1187,MekongFit UE-23,11794,2399,1989,169
1188,MekongFit UE-24,1385,176,156,37
1189,MekongFit UE-25,3,1,1,0
1190,MekongFit UE-26,3,1,1,1
1191,MekongFit UE-27,28470,2386,2035,109
1192,MekongFit UE-28,3,1,1,0
1194,MekongFit UE-30,48,53,53,28
1195,MekongFit UE-31,3,1,1,1
1196,MekongFit UE-32,667,178,160,22
1197,MekongFit UE-33,194,76,69,18
1198,MekongFit UE-34,698,133,123,23
1199,MekongFit UC-01,3,1,1,1
1200,MekongFit UC-02,6,2,2,2
1201,MekongFit UC-03,6561,674,574,54
1202,MekongFit UC-04,1809,181,166,45
1203,MekongFit UC-05,8828,1058,897,63
1204,MekongFit UC-06,9,3,3,0
1205,MekongFit UC-07,3,1,1,1
1206,MekongFit UC-08,3,1,1,0
1207,MekongFit UC-09,63,26,26,19
1210,MekongFit UC-12,171,30,30,19
1211,MekongFit UC-13,57,25,25,14
1212,MekongFit UC-14,14809,2175,1850,148
1213,MekongFit UC-15,9949,1060,930,107
1214,MekongFit UC-16,503,146,133,44
1215,MekongFit UC-17,11461,1255,1063,64
1217,MekongFit UC-19,9067,1095,953,114
1220,MekongFit UC-22,122,85,82,35
1221,MekongFit UC-23,413,83,75,22
1223,MekongFit UC-25,26239,2502,2106,87
1225,MekongFit UC-27,12,4,4,4
1226,MekongFit UC-28,16845,1604,1369,123
1227,MekongFit UC-29,6661,611,527,52
1228,MekongFit UC-30,10266,895,791,120
1229,MekongFit UC-31,20019,1919,1646,131
1230,MekongFit UC-32,4440,746,639,40
1231,MekongFit UC-33,3522,512,455,66
1232,MekongFit UC-34,1845,239,219,57
1235,VietMode MP-03,84,21,21,7
1236,VietMode MP-04,84,21,21,16
1239,VietMode MP-07,24,14,14,7
1240,VietMode MP-08,24,14,14,3
1241,VietMode MP-09,3,1,1,2
1242,VietMode MP-10,3,1,1,0
1243,VietMode MP-11,554,106,98,33
1244,VietMode MP-12,495,104,98,34
1245,VietMode MP-13,133,107,94,36
1246,VietMode MP-14,163,111,94,32
1247,VietMode MP-15,18,4,4,3
1248,VietMode MP-16,18,4,4,1
1249,VietMode MP-17,21,9,9,10
1250,VietMode MP-18,21,9,9,5
1251,VietMode MP-19,566,195,172,53
1252,VietMode MP-20,457,190,172,62
1253,VietMode MP-21,799,239,206,53
1254,VietMode MP-22,636,232,206,77
1259,VietMode MP-27,304,97,90,26
1260,VietMode MP-28,257,95,90,28
1261,VietMode MP-29,385,169,156,41
1262,VietMode MP-30,457,173,156,47
1263,VietMode MP-31,62,50,47,13
1264,VietMode MP-32,75,52,47,12
1271,VietMode MA-07,775,55,49,11
1272,VietMode MA-08,100,70,59,9
1273,VietMode MA-09,48,31,30,21
1275,VietMode MA-11,60,13,13,6
1277,VietMode MA-13,73,40,37,21
1278,VietMode MA-14,27,16,16,10
1279,VietMode MA-15,51,31,31,15
1280,VietMode MA-16,12,6,6,2
1285,VietMode MA-21,36,19,19,17
1286,VietMode MA-22,1096,272,248,39
1287,VietMode MA-23,399,44,43,16
1288,VietMode MA-24,72,17,17,12
1289,VietMode MA-25,44,32,29,17
1294,VietMode MA-30,3,1,1,2
1297,VietMode MA-33,92,29,28,14
1298,VietMode MA-34,198,26,25,12
1299,VietMode MA-35,144,83,79,41
1301,VietMode MA-37,20,21,20,9
1303,VietMode MA-39,102,32,32,16
1304,VietMode MA-40,138,35,35,21
1305,VietMode MA-41,191,68,67,22
1308,VietMode MA-44,1517,218,202,53
1309,VietMode RP-01,6,2,2,3
1310,VietMode RP-02,6,2,2,1
1313,VietMode RP-05,117,59,57,25
1314,VietMode RP-06,114,59,57,29
1315,VietMode RP-07,144,38,38,20
1316,VietMode RP-08,144,38,38,25
1317,VietMode RP-09,883,212,198,61
1318,VietMode RP-10,994,214,198,56
1319,VietMode RP-11,838,241,226,64
1320,VietMode RP-12,793,240,226,71
1325,VietMode RP-17,2513,490,423,44
1326,VietMode RP-18,2415,487,423,45
1329,VietMode RP-21,247,44,41,14
1330,VietMode RP-22,231,43,41,19
1331,VietMode RP-23,81,38,37,29
1332,VietMode RP-24,63,37,37,24
1335,VietMode RP-27,51,31,31,21
1336,VietMode RP-28,51,31,31,15
1339,VietMode RP-31,1833,184,176,72
1340,VietMode RP-32,1821,184,176,81
1341,VietMode RP-33,128,69,66,39
1342,VietMode RP-34,127,69,66,32
1343,VietMode RP-35,485,111,110,45
1344,VietMode RP-36,660,117,110,42
1345,VietMode RP-37,12,4,4,1
1346,VietMode RP-38,12,4,4,4
1347,VietMode RP-39,2952,411,380,72
1348,VietMode RP-40,3127,417,380,101
1349,VietMode RP-41,3860,338,309,71
1350,VietMode RP-42,3885,337,309,71
1351,VietMode RP-43,321,72,70,36
1352,VietMode RP-44,297,71,70,37
1353,VietMode RP-45,96,46,44,24
1354,VietMode RP-46,78,45,44,28
1357,VietMode RP-49,165,60,56,12
1358,VietMode RP-50,149,60,56,16
1359,VietMode RP-51,24,6,6,4
1360,VietMode RP-52,24,6,6,2
1361,VietMode RP-53,36,16,16,10
1362,VietMode RP-54,36,16,16,6
1363,VietMode RP-55,96,57,56,27
1364,VietMode RP-56,87,56,56,30
1369,VietMode RP-61,120,38,38,18
1370,VietMode RP-62,120,38,38,21
1373,VietMode RP-65,3,1,1,2
1374,VietMode RP-66,3,1,1,1
1375,VietMode RP-67,233,137,119,37
1376,VietMode RP-68,155,131,119,46
1379,VietMode RP-71,9,3,3,2
1380,VietMode RP-72,9,3,3,4
1381,VietMode RP-73,53,31,30,18
1382,VietMode RP-74,42,30,30,15
1383,VietMode RP-75,72,12,12,11
1384,VietMode RP-76,72,12,12,7
1385,VietMode RP-77,3,1,1,2
1386,VietMode RP-78,3,1,1,1
1387,VietMode RP-79,6,2,2,0
1388,VietMode RP-80,6,2,2,3
1389,VietMode RP-81,92,66,63,32
1390,VietMode RP-82,158,69,63,26
1391,VietMode RP-83,9691,1090,967,142
1392,VietMode RP-84,10523,1101,967,134
1393,VietMode RP-85,136,30,29,17
1394,VietMode RP-86,139,30,29,8
1395,VietMode RP-87,139,75,70,26
1396,VietMode RP-88,121,73,70,32
1397,VietMode RP-89,39,15,15,15
1398,VietMode RP-90,39,15,15,14
1401,VietMode RP-93,101,51,50,27
1402,VietMode RP-94,101,51,50,42
1405,VietMode RP-97,131,58,52,17
1406,VietMode RP-98,105,55,52,11
1407,VietMode RP-99,1276,160,152,55
1408,VietMode RP-00,1292,162,152,47
1409,VietMode RP-01,12,5,5,4
1410,VietMode RP-02,12,5,5,5
1411,VietMode RP-03,90,15,15,8
1412,VietMode RP-04,90,15,15,11
1413,VietMode RP-05,1209,255,222,38
1414,VietMode RP-06,1128,251,222,40
1415,VietMode RP-07,69,37,37,18
1416,VietMode RP-08,89,38,37,18
1417,VietMode RP-09,174,101,95,39
1418,VietMode RP-10,237,104,95,27
1419,VietMode RP-11,80,44,43,25
1420,VietMode RP-12,78,43,43,21
1421,VietMode RP-13,18,6,6,6
1422,VietMode RP-14,18,6,6,4
1423,VietMode RP-15,39,20,20,13
1424,VietMode RP-16,39,20,20,7
1425,VietMode RP-17,2046,340,299,58
1426,VietMode RP-18,1686,328,299,50
1429,VietMode RP-21,153,39,38,29
1430,VietMode RP-22,138,38,38,29
1431,VietMode RP-23,306,35,35,16
1432,VietMode RP-24,323,36,35,17
1433,VietMode RP-25,8208,785,690,85
1434,VietMode RP-26,8142,783,690,86
1435,VietMode RP-27,1460,231,208,38
1436,VietMode RP-28,1452,233,208,41
1439,VietMode RP-31,282,86,81,25
1440,VietMode RP-32,290,86,81,30
1441,VietMode RP-33,729,234,219,68
1442,VietMode RP-34,619,232,219,72
1443,VietMode RP-35,1284,244,226,59
1444,VietMode RP-36,1116,241,226,81
1447,VietMode RP-39,3,1,1,0
1448,VietMode RP-40,3,1,1,2
1449,VietMode RP-41,135,20,20,9
1450,VietMode RP-42,135,20,20,8
1451,VietMode RP-43,234,26,26,13
1452,VietMode RP-44,247,27,26,17
1453,VietMode RP-45,2240,570,489,50
1454,VietMode RP-46,2139,559,489,51
1457,VietMode RP-49,51,24,24,18
1458,VietMode RP-50,51,24,24,15
1459,VietMode RP-51,33,18,18,13
1460,VietMode RP-52,33,18,18,7
1463,VietMode RP-55,54,15,15,6
1464,VietMode RP-56,54,15,15,4
1465,VietMode RP-57,80,44,43,30
1466,VietMode RP-58,80,44,43,27
1469,VietMode RP-61,3,1,1,2
1470,VietMode RP-62,3,1,1,0
1471,VietMode RP-63,87,43,43,35
1472,VietMode RP-64,87,43,43,22
1473,VietMode RP-65,299,65,63,28
1474,VietMode RP-66,305,64,63,31
1477,VietMode RP-69,27,10,10,9
1478,VietMode RP-70,27,10,10,9
1479,VietMode RP-71,225,29,29,8
1480,VietMode RP-72,240,30,29,19
1481,VietMode RP-73,435,134,128,57
1482,VietMode RP-74,278,131,128,70
1483,VietMode RP-75,3426,557,490,72
1484,VietMode RP-76,3320,553,490,76
1485,VietMode RP-77,27,12,12,12
1486,VietMode RP-78,27,12,12,11
1487,VietMode RP-79,3,1,1,2
1488,VietMode RP-80,3,1,1,2
1489,VietMode RP-81,7906,570,502,108
1490,VietMode RP-82,7060,559,502,92
1491,VietMode RP-83,242,33,32,23
1492,VietMode RP-84,247,33,32,15
1493,VietMode RP-85,2440,284,261,63
1494,VietMode RP-86,2582,288,261,77
1495,VietMode RP-87,4032,584,519,85
1496,VietMode RP-88,3228,572,519,81
1497,VietMode RP-89,260,141,127,46
1498,VietMode RP-90,256,141,127,51
1501,VietMode RP-93,42,16,15,12
1502,VietMode RP-94,33,15,15,12
1503,VietMode RP-95,257,87,85,37
1504,VietMode RP-96,327,90,85,36
1507,VietMode RP-99,407,120,116,47
1508,VietMode RP-00,486,122,116,44
1511,VietMode RP-03,328,102,95,19
1512,VietMode RP-04,360,103,95,26
1513,VietMode RP-05,164,92,87,32
1514,VietMode RP-06,187,93,87,33
1517,VietMode RP-09,15141,1380,1193,168
1518,VietMode RP-10,13920,1369,1193,164
1519,VietMode RP-11,2119,317,297,94
1520,VietMode RP-12,2296,322,297,96
1521,VietMode RP-13,252,31,31,25
1522,VietMode RP-14,252,31,31,24
1523,VietMode RP-15,1459,310,288,82
1524,VietMode RP-16,1205,305,288,108
1527,VietMode RP-19,1308,256,238,77
1528,VietMode RP-20,1001,249,238,88
1529,VietMode RP-21,1522,388,354,89
1530,VietMode RP-22,1244,384,354,101
1531,VietMode RP-23,2722,285,247,30
1532,VietMode RP-24,2710,285,247,31
1539,VietMode RP-31,1753,373,333,40
1540,VietMode RP-32,1846,378,333,28
1541,VietMode RP-33,2417,398,354,74
1542,VietMode RP-34,2218,390,354,71
1543,VietMode RP-35,977,166,152,54
1544,VietMode RP-36,902,165,152,42
1545,VietMode RP-37,432,45,44,22
1546,VietMode RP-38,432,45,44,29
1547,VietMode RP-39,752,119,115,31
1548,VietMode RP-40,770,120,115,41
1549,VietMode RP-41,104,47,43,23
1550,VietMode RP-42,103,47,43,21
1551,VietMode RP-43,58,38,37,21
1552,VietMode RP-44,65,39,37,21
1555,VietMode RP-47,12,4,4,3
1556,VietMode RP-48,12,4,4,3
1557,VietMode RP-49,3,1,1,1
1558,VietMode RP-50,3,1,1,1
1559,VietMode RP-51,63,27,27,22
1560,VietMode RP-52,63,27,27,23
1561,VietMode RP-53,24,12,12,5
1562,VietMode RP-54,24,12,12,11
1563,VietMode RS-01,15,6,6,5
1564,VietMode RS-02,30,17,17,9
1565,VietMode RS-03,279,48,47,18
1566,VietMode RS-04,199,83,76,21
1567,VietMode RS-05,21,23,20,8
1568,VietMode RS-06,124,38,36,20
1569,VietMode RS-07,54,32,30,12
1572,VietMode RS-10,54,25,25,22
1575,VietMode RS-13,21,7,7,0
1576,VietMode RS-14,1245,264,239,91
1577,VietMode RS-15,36,23,23,11
1583,VietMode RS-21,102,28,28,18
1584,VietMode RS-22,96,58,58,36
1588,VietMode RS-26,450,127,119,36
1590,VietMode RS-28,119,78,71,20
1592,VietMode RS-30,36,10,10,2
1595,VietMode RS-33,3,1,1,1
1596,VietMode RS-34,117,62,58,19
1597,VietMode RS-35,3664,317,287,63
1601,VietMode RS-39,32,13,12,1
1602,VietMode RS-40,3,1,1,1
1603,VietMode RS-41,77,42,41,24
1605,VietMode RS-43,197,110,104,47
1607,VietMode RS-45,293,89,83,18
1608,VietMode RS-46,19,14,13,5
1612,VietMode RS-50,3,1,1,2
1615,VietMode RS-53,6,2,2,1
1617,VietMode RS-55,3,1,1,0
1625,VietMode RS-63,3,1,1,2
1629,VietMode RS-67,36,12,12,12
1630,VietMode RS-68,21,7,7,9
1634,VietMode RS-72,12,6,6,0
1640,VietMode RS-78,731,189,169,37
1645,VietMode RS-83,9,3,3,0
1646,VietMode RS-84,145,65,63,26
1650,VietMode RS-88,679,70,64,10
1651,VietMode RS-89,9,5,5,3
1653,VietMode RS-91,12,4,4,3
1657,VietMode RS-95,72,20,20,8
1662,VietMode RS-00,15,9,9,6
1666,VietMode RS-04,80,23,20,6
1667,VietMode RS-05,138,35,35,22
1668,VietMode UR-01,192,30,29,15
1669,VietMode UR-02,3,1,1,2
1670,VietMode UR-03,3,1,1,2
1671,VietMode UE-01,3,1,1,2
1672,VietMode UE-02,36,8,8,4
1673,VietMode UE-03,72,48,46,19
1674,VietMode UE-04,6,2,2,3
1675,VietMode UE-05,12,4,4,4
1676,VietMode UE-06,368,45,44,18
1678,VietMode UE-08,42,17,17,14
1679,VietMode UE-09,105,31,29,14
1680,VietMode UE-10,321,104,96,46
1681,VietMode UE-11,396,61,61,46
1682,VietMode UE-12,521,129,120,43
1683,VietMode UE-13,33,13,13,16
1684,VietMode UE-14,47,31,30,17
1685,VietMode UE-15,288,59,59,30
1686,VietMode UE-16,96,12,12,10
1687,VietMode UE-17,45,24,24,20
1688,NamStyle UE-01,33,15,15,9
1689,NamStyle UC-01,96,23,23,20
1690,NamStyle YY-01,12,4,4,2
1691,NamStyle YY-02,3,1,1,1
1692,NamStyle YY-03,105,59,59,33
1693,NamStyle YY-04,257,49,48,31
1696,NamStyle YY-07,75,32,32,19
1697,NamStyle YY-08,289,84,80,35
1698,NamStyle YY-09,190,153,136,48
1699,NamStyle YY-10,240,75,74,35
1700,NamStyle YY-11,280,152,146,56
1701,NamStyle YY-12,30,7,7,5
1702,NamStyle YY-13,3,1,1,2
1703,NamStyle YY-14,861,289,259,55
1705,NamStyle YY-16,684,159,147,39
1706,NamStyle YY-17,78,40,40,22
1707,NamStyle YY-18,1427,246,222,48
1710,NamStyle YY-21,6,2,2,0
1711,NamStyle YY-22,131,83,81,35
1712,NamStyle YY-23,12,4,4,3
1713,NamStyle YY-24,63,35,35,16
1714,NamStyle YY-25,294,122,113,33
1715,NamStyle YY-26,75,36,35,27
1716,NamStyle YY-27,9,3,3,2
1717,NamStyle YY-28,12,4,4,5
1720,NamStyle YY-31,57,40,40,14
1722,NamStyle YY-33,1586,517,448,55
1725,NamStyle YY-36,45,20,20,17
1726,SaigonCore MA-01,9,3,3,2
1727,SaigonCore MA-02,24,6,6,2
1728,SaigonCore MA-03,51,25,25,10
1729,SaigonCore MA-04,21,7,7,9
1730,SaigonCore MA-05,78,19,19,11
1731,SaigonCore MA-06,18,6,6,8
1732,SaigonCore RP-01,6,2,2,1
1733,SaigonCore RP-02,6,2,2,2
1734,SaigonCore RP-03,27,5,5,1
1735,SaigonCore RP-04,27,5,5,5
1740,SaigonCore RP-09,346,73,72,37
1741,SaigonCore RP-10,346,73,72,39
1742,SaigonCore RP-11,48,21,21,9
1743,SaigonCore RP-12,48,21,21,21
1744,SaigonCore RP-13,57,28,28,19
1745,SaigonCore RP-14,59,29,28,20
1749,SaigonCore UM-01,133,46,44,27
1750,SaigonCore UM-02,36,6,6,3
1751,SaigonCore UM-03,305,60,58,33
1752,SaigonCore UM-04,492,63,63,38
1755,SaigonCore UR-01,277,59,56,27
1756,SaigonCore UR-02,21,9,9,4
1757,SaigonCore UR-03,86,31,29,16
1759,SaigonCore UR-05,6,2,2,0
1760,SaigonCore UR-06,36,15,15,17
1762,SaigonCore UR-08,144,32,32,24
1763,SaigonCore UR-09,272,78,76,28
1764,SaigonCore UR-10,27,11,11,7
1765,SaigonCore UR-11,162,31,31,25
1766,SaigonCore UE-01,870,147,143,90
1767,SaigonCore UE-02,21,10,10,4
1768,SaigonCore UE-03,205,38,37,27
1769,SaigonCore UE-04,15,5,5,2
1770,SaigonCore UE-05,18,9,9,7
1771,SaigonCore UE-06,57,21,21,12
1772,SaigonCore UE-07,117,55,55,38
1773,SaigonCore UE-08,120,24,24,28
1774,SaigonCore UE-09,172,53,52,23
1775,SaigonCore UE-10,195,53,51,28
1776,SaigonCore UE-11,3,1,1,1
1777,SaigonCore UE-12,102,29,29,21
1778,SaigonCore UE-13,271,102,98,49
1779,SaigonCore UE-14,77,17,16,4
1780,SaigonCore UE-15,24,9,9,5
1781,SaigonCore UE-16,261,46,46,19
1782,SaigonCore UE-17,114,53,52,31
1783,SaigonCore UE-18,33,12,12,10
1784,SaigonCore UE-19,9,3,3,2
1785,SaigonCore UE-20,3,1,1,1
1786,SaigonCore UE-21,512,128,124,64
1787,SaigonCore UE-22,3,1,1,2
1788,SaigonCore UE-23,3,1,1,1
1789,SaigonCore UE-24,359,63,62,40
1790,SaigonCore UE-25,135,63,63,47
1792,SaigonCore UE-27,12,3,3,1
1793,SaigonCore UE-28,24,9,9,8
1795,SaigonCore UC-01,66,34,33,20
1796,SaigonCore UC-02,48,18,18,12
1797,SaigonCore UC-03,88,39,38,23
1798,SaigonCore UC-04,144,35,35,19
1800,SaigonCore UC-06,231,62,60,28
1801,SaigonCore UC-07,72,31,31,28
1802,SaigonCore UC-08,3,1,1,2
1803,SaigonCore UC-09,18,4,4,2
1804,SaigonCore UC-10,30,18,18,8
1805,SaigonCore UC-11,60,24,24,24
1807,SaigonCore YY-02,264,127,117,64
1808,SaigonCore YY-03,230,71,66,36
1809,SaigonCore YY-04,20754,2050,1751,82
1810,SaigonCore YY-05,1651,339,309,74
1811,SaigonCore YY-06,614,174,160,51
1812,SaigonCore YY-07,107,65,63,38
1813,SaigonCore YY-08,418,111,102,52
1815,SaigonCore YY-10,564,93,93,53
1816,SaigonCore YY-11,389,124,116,51
1817,SaigonCore YY-12,183,111,109,43
1818,SaigonCore YY-13,9317,958,822,63
1819,SaigonCore YY-14,8383,743,641,89
1820,SaigonCore YY-15,117,22,21,10
1821,SaigonCore YY-16,110,68,65,35
1822,SaigonCore YY-17,141,90,83,29
1823,SaigonCore YY-18,453,138,128,50
1825,SaigonCore YY-20,434,152,141,40
1826,SaigonCore YY-21,1887,378,345,84
1827,SaigonCore YY-22,917,229,213,76
1828,SaigonCore YY-23,42,30,28,12
1829,SaigonCore YY-24,710,169,162,71
1830,SaigonCore YY-25,8338,979,845,91
1831,SaigonCore YY-26,421,134,125,46
1832,SaigonCore YY-27,264,77,74,21
1833,SaigonCore YY-28,192,51,49,19
1836,SaigonCore YY-31,786,112,107,28
1837,SaigonCore YY-32,2226,257,239,66
1838,SaigonCore YY-33,1826,125,114,31
1839,SaigonCore YY-34,228,28,28,19
1840,SaigonCore YY-35,124,74,73,38
1841,SaigonCore YY-36,120,30,30,20
1842,SaigonCore YY-37,12,4,4,0
1843,SaigonCore YY-38,117,28,28,13
1844,SaigonCore YY-39,302,121,114,49
1845,SaigonCore YY-40,1515,328,293,81
1846,SaigonCore YY-41,950,203,185,41
1847,SaigonCore YY-42,2765,184,170,41
1848,SaigonCore YY-43,150,83,82,46
1849,SaigonCore YY-44,60,33,33,30
1850,SaigonCore YY-45,2243,437,397,114
1851,SaigonCore YY-46,990,283,247,64
1852,SaigonCore YY-47,6946,861,749,109
1853,SaigonCore YY-48,3780,297,264,58
1855,SaigonCore YY-50,1021,147,140,52
1856,SaigonCore YY-51,83,39,37,26
1857,SaigonCore YY-52,6,2,2,1
1858,SaigonCore YY-53,30,12,12,10
1859,SaigonCore YY-54,7491,784,667,60
1860,SaigonCore YY-55,164,88,84,36
1861,SaigonCore YY-56,355,55,53,25
1862,SaigonCore YY-57,1031,124,116,32
1863,BambooCraft UM-01,366,224,202,50
1864,BambooCraft UM-02,24,17,17,10
1866,BambooCraft UM-04,223,90,86,38
1868,BambooCraft UM-06,353,165,146,14
1869,BambooCraft UM-07,9,3,3,0
1870,BambooCraft UM-08,570,65,61,22
1871,BambooCraft UM-09,59,53,51,20
1872,BambooCraft UM-10,115,33,32,15
1873,BambooCraft UM-11,46,23,22,14
1875,BambooCraft UM-13,2658,514,454,74
1876,BambooCraft UM-14,36,11,11,10
1878,BambooCraft UM-16,785,220,205,59
1879,BambooCraft UM-17,1964,468,407,33
1880,BambooCraft UM-18,69,26,26,18
1881,BambooCraft UM-19,492,149,142,39
1883,BambooCraft UC-02,177,62,61,31
1884,BambooCraft UC-03,10007,910,798,109
1885,BambooCraft UC-04,6,3,3,4
1886,BambooCraft UC-05,599,121,113,38
1888,BambooCraft UC-07,42,10,10,8
1889,BambooCraft UC-08,3326,591,535,119
1891,BambooCraft UC-10,108,14,14,15
1892,BambooCraft UC-11,6173,700,622,110
1893,BambooCraft UC-12,125,78,76,37
1894,BambooCraft UC-13,809,75,72,38
1895,BambooCraft UC-14,342,43,41,13
1896,BambooCraft UC-15,242,35,32,6
1897,BambooCraft UC-16,518,157,145,64
1898,BambooCraft UC-17,175,87,86,45
1899,BambooCraft UC-18,214,74,67,31
1901,BambooCraft UC-20,15,10,10,7
1902,BambooCraft UC-21,3,1,1,1
1903,BambooCraft UC-22,292,40,37,13
1905,BambooCraft UC-24,9282,476,426,76
1906,BambooCraft UC-25,297,146,133,36
1907,BambooCraft UC-26,6108,743,658,86
1908,UrbanVN MA-01,1439,563,487,78
1909,UrbanVN MA-02,8945,842,746,126
1912,UrbanVN MA-05,7772,1054,918,77
1915,UrbanVN MA-08,10306,1038,911,100
1916,UrbanVN MA-09,40077,2624,2256,123
1920,UrbanVN MA-13,23716,1975,1706,106
1924,UrbanVN MA-17,12411,1406,1199,94
1926,UrbanVN RP-01,6942,531,463,45
1927,UrbanVN RP-02,7080,533,463,53
1932,UrbanVN RP-07,26,6,5,3
1933,UrbanVN RP-08,24,5,5,4
1934,UrbanVN RP-09,30166,1797,1554,106
1935,UrbanVN RP-10,32784,1831,1554,110
1936,UrbanVN RP-11,6818,561,494,78
1937,UrbanVN RP-12,6729,560,494,77
1938,UrbanVN RP-13,671,242,210,54
1939,UrbanVN RP-14,676,242,210,51
1940,UrbanVN RP-15,722,175,156,65
1941,UrbanVN RP-16,648,173,156,68
1942,UrbanVN RP-17,15848,1247,1086,114
1943,UrbanVN RP-18,14999,1241,1086,115
1946,UrbanVN RP-21,203,71,70,28
1947,UrbanVN RP-22,209,72,70,39
1948,UrbanVN RP-23,2412,359,320,104
1949,UrbanVN RP-24,2476,360,320,88
1950,UrbanVN RP-25,96,54,52,28
1951,UrbanVN RP-26,114,55,52,32
1958,UrbanVN RP-33,2537,494,427,66
1959,UrbanVN RP-34,2824,505,427,78
1960,UrbanVN RP-35,9,3,3,1
1961,UrbanVN RP-36,9,3,3,1
1962,UrbanVN RP-37,6572,864,732,63
1963,UrbanVN RP-38,6415,853,732,43
1964,UrbanVN RP-39,11519,1733,1463,71
1965,UrbanVN RP-40,11066,1725,1463,72
1966,UrbanVN RP-41,3372,318,293,74
1967,UrbanVN RP-42,3639,323,293,78
1968,UrbanVN RP-43,3,1,1,0
1969,UrbanVN RP-44,3,1,1,1
1974,UrbanVN RP-49,17189,1774,1539,70
1975,UrbanVN RP-50,20275,1829,1539,61
1978,UrbanVN RP-53,1352,154,147,54
1979,UrbanVN RP-54,1487,157,147,47
1980,UrbanVN RP-55,3589,393,350,64
1981,UrbanVN RP-56,3514,392,350,62
1982,UrbanVN RS-01,25360,1707,1476,112
1983,UrbanVN RS-02,278,97,88,41
1984,UrbanVN RS-03,717,191,171,30
1985,UrbanVN RS-04,150,20,20,7
1986,UrbanVN RS-05,1604,203,191,67
1987,UrbanVN RS-06,12946,1154,1008,129
1989,UrbanVN RS-08,16851,1582,1340,88
1990,UrbanVN RS-09,6511,811,700,129
1991,UrbanVN RS-10,5484,576,509,81
1993,UrbanVN RS-12,147,111,100,47
1994,UrbanVN UM-01,6651,984,854,116
1995,UrbanVN UM-02,21593,2363,2012,165
1997,UrbanVN UM-04,957,169,159,41
1999,UrbanVN UR-02,1160,225,205,54
2004,UrbanVN UR-07,3332,374,328,51
2005,UrbanVN UR-08,1425,148,135,29
2012,UrbanVN UR-15,1812,287,253,49
2015,UrbanVN UR-18,333,161,144,38
2016,UrbanVN UR-19,15621,1427,1208,72
2022,UrbanVN UR-25,396,61,61,27
2026,UrbanVN UR-29,516,106,102,33
2028,UrbanVN UR-31,24,13,13,9
2034,UrbanVN UR-37,414,104,96,26
2036,UrbanVN UR-39,819,330,291,55
2039,UrbanVN UR-42,187,96,89,35
2042,UrbanVN UE-02,241,59,56,18
2044,UrbanVN UE-04,48,25,25,17
2045,UrbanVN UE-05,187873,12553,10376,116
2046,UrbanVN UE-06,1062,70,62,18
2047,UrbanVN UE-07,5241,681,601,80
2049,UrbanVN UE-09,6040,802,694,130
2050,UrbanVN UE-10,1197,219,193,27
2051,UrbanVN UE-11,260,42,36,3
2053,UrbanVN UE-13,22249,2098,1809,90
2054,UrbanVN UE-14,134582,8507,7069,143
2055,UrbanVN UE-15,101167,7302,6151,137
2056,UrbanVN UE-16,24347,1967,1668,93
2057,UrbanVN UE-17,72,10,10,5
2058,UrbanVN UE-18,17040,1921,1632,105
2060,UrbanVN UE-20,2615,453,401,49
2061,UrbanVN UE-21,1256,296,263,52
2064,UrbanVN UE-24,107694,7093,5927,107
2066,UrbanVN UC-01,3600,605,532,126
2067,UrbanVN UC-02,9269,1093,937,156
2069,UrbanVN UC-04,483,166,153,50
2070,UrbanVN UC-05,5887,709,608,29
2071,UrbanVN UC-06,12778,1862,1580,30
2073,UrbanVN UC-08,15529,1474,1244,63
2074,UrbanVN UC-09,4377,664,574,43
2076,UrbanVN UC-11,1601,376,344,101
2077,UrbanVN UC-12,3248,519,435,97
2078,UrbanVN UC-13,24,9,9,6
2079,UrbanVN UC-14,325,51,47,11
2080,UrbanVN UC-15,696,156,140,27
2081,UrbanVN UC-16,4055,588,502,26
2082,UrbanVN UC-17,5333,737,621,42
2083,UrbanVN UC-18,4755,621,534,34
2084,UrbanVN UC-19,29980,1963,1683,83
2085,UrbanVN UC-20,506,123,111,24
2086,UrbanVN UC-21,16693,1800,1544,118
2087,UrbanVN UC-22,380,159,146,47
2090,UrbanVN UC-25,41645,4609,3910,158
2091,UrbanVN UC-26,21462,2086,1780,119
2092,UrbanVN UC-27,8667,950,829,65
2093,UrbanVN UC-28,3486,473,426,66
2094,UrbanVN UC-29,2544,405,357,44
2097,UrbanVN YY-01,3216,532,478,57
2098,UrbanVN YY-02,17585,1787,1527,105
2099,UrbanVN YY-03,15239,1515,1297,111
2100,UrbanVN YY-04,270,150,134,25
2102,PhoenixWear MA-01,36,8,8,7
2103,PhoenixWear MA-02,281,147,131,26
2104,PhoenixWear MA-03,318,89,82,21
2105,PhoenixWear MA-04,105,14,14,7
2106,PhoenixWear MA-05,86,56,51,16
2111,PhoenixWear UM-02,3,1,1,2
2112,PhoenixWear UM-03,2357,297,280,96
2115,PhoenixWear UM-06,552,86,86,48
2116,PhoenixWear UM-07,558,155,145,50
2117,PhoenixWear UM-08,138,32,32,28
2119,PhoenixWear UM-10,72,40,39,17
2120,PhoenixWear UM-11,719,163,155,55
2121,PhoenixWear UM-12,51,21,21,21
2123,PhoenixWear UM-14,457,125,118,64
2124,PhoenixWear UM-15,228,122,120,47
2126,PhoenixWear UR-02,309,54,52,18
2127,PhoenixWear UR-03,3,1,1,2
2128,PhoenixWear UR-04,54,10,10,3
2131,PhoenixWear UR-07,42,21,21,14
2132,PhoenixWear UR-08,955,351,316,73
2133,PhoenixWear UR-09,513,183,172,59
2134,PhoenixWear UR-10,469,214,196,53
2136,PhoenixWear UR-12,5753,535,478,95
2137,PhoenixWear UR-13,3,1,1,1
2138,PhoenixWear UR-14,6583,1037,917,139
2140,PhoenixWear UR-16,3,1,1,1
2141,PhoenixWear UR-17,6,2,2,2
2142,PhoenixWear UR-18,55,20,18,4
2143,PhoenixWear UR-19,400,175,164,44
2144,PhoenixWear UR-20,1820,324,302,64
2145,PhoenixWear UR-21,5812,462,430,100
2146,PhoenixWear UR-22,36,10,10,8
2147,PhoenixWear UR-23,3,1,1,0
2148,PhoenixWear UE-01,121,99,92,31
2149,PhoenixWear UE-02,717,77,72,21
2150,PhoenixWear UE-03,5766,699,615,121
2151,PhoenixWear UE-04,127,84,83,39
2153,PhoenixWear UE-06,858,209,195,52
2154,PhoenixWear UE-07,18,9,9,8
2155,PhoenixWear UE-08,54,25,24,23
2157,PhoenixWear UE-10,423,159,144,36
2159,PhoenixWear UE-12,292,51,50,27
2161,PhoenixWear UE-14,9,3,3,4
2164,PhoenixWear UE-17,237,100,95,40
2165,PhoenixWear UE-18,40,23,22,15
2166,PhoenixWear UE-19,9,6,6,4
2167,PhoenixWear UE-20,18,6,6,7
2168,PhoenixWear UE-21,105,42,40,13
2169,PhoenixWear UE-22,6420,668,594,112
2171,PhoenixWear UC-01,1985,456,414,85
2173,PhoenixWear UC-03,169,64,59,14
2174,PhoenixWear UC-04,266,31,30,13
2175,PhoenixWear UC-05,3,1,1,0
2176,PhoenixWear UC-06,21,10,10,7
2177,PhoenixWear UC-07,580,100,96,36
2178,PhoenixWear UC-08,125,39,38,15
2179,PhoenixWear UC-09,147,46,45,26
2180,PhoenixWear UC-10,7267,865,767,138
2183,PhoenixWear UC-13,587,124,118,26
2184,PhoenixWear UC-14,7512,417,373,68
2185,PhoenixWear UC-15,200,95,92,38
2186,PhoenixWear UC-16,392,135,129,32
2189,VietMotion MA-03,3394,646,564,128
2192,VietMotion MA-06,12221,1325,1131,78
2193,VietMotion MA-07,484,235,195,37
2197,VietMotion MA-11,4462,811,704,129
2199,VietMotion MA-13,19991,1765,1543,125
2202,VietMotion MA-16,1767,309,279,70
2204,VietMotion RP-01,8968,1292,1092,38
2205,VietMotion RP-02,8243,1272,1092,47
2206,VietMotion RP-03,13293,2214,1872,129
2207,VietMotion RP-04,13661,2217,1872,123
2210,VietMotion RP-07,6,2,2,3
2211,VietMotion RP-08,6,2,2,1
2212,VietMotion RP-09,62859,4104,3433,89
2213,VietMotion RP-10,56954,4022,3433,90
2214,VietMotion RP-11,36583,2687,2313,125
2215,VietMotion RP-12,39692,2725,2313,123
2218,VietMotion RP-15,65437,5141,4335,170
2219,VietMotion RP-16,66136,5138,4335,148
2222,VietMotion RP-19,8457,830,715,85
2223,VietMotion RP-20,8364,825,715,90
2224,VietMotion RP-21,48950,5168,4396,141
2225,VietMotion RP-22,49751,5187,4396,153
2226,VietMotion RP-23,359,75,70,19
2227,VietMotion RP-24,342,74,70,20
2234,VietMotion RP-31,33540,2765,2318,108
2235,VietMotion RP-32,31605,2736,2318,98
2236,VietMotion RP-33,31831,3019,2554,163
2237,VietMotion RP-34,33483,3038,2554,139
2238,VietMotion RP-35,36035,2636,2222,129
2239,VietMotion RP-36,33214,2604,2222,116
2240,VietMotion RP-37,7767,677,581,35
2241,VietMotion RP-38,8144,687,581,42
2246,VietMotion RP-43,3,1,1,0
2247,VietMotion RP-44,3,1,1,2
2250,VietMotion RP-47,6322,884,759,46
2251,VietMotion RP-48,6391,891,759,51
2252,VietMotion RP-49,53159,3050,2613,108
2253,VietMotion RP-50,58507,3099,2613,124
2254,VietMotion RP-51,77207,4617,3921,118
2255,VietMotion RP-52,76774,4613,3921,119
2262,VietMotion RP-59,25459,2084,1796,127
2263,VietMotion RP-60,26147,2095,1796,126
2269,VietMotion RS-02,87810,7006,5852,154
2270,VietMotion RS-03,1023,112,104,32
2275,VietMotion RS-08,77166,6359,5357,143
2277,VietMotion RS-10,37762,2402,2042,140
2279,VietMotion RS-12,37,15,14,9
2280,VietMotion RS-13,44669,2831,2417,127
2284,VietMotion RS-17,38916,2650,2264,126
2286,VietMotion UM-01,8054,697,601,51
2287,VietMotion UM-02,12,4,4,5
2289,VietMotion UM-04,6,3,3,4
2290,VietMotion UM-05,6,2,2,2
2291,VietMotion UM-06,187,117,109,28
2293,VietMotion UM-08,552,81,74,26
2295,VietMotion UM-10,12143,1254,1101,116
2307,VietMotion UR-10,3,1,1,2
2325,VietMotion UR-28,3,1,1,0
2327,VietMotion UE-01,4206,569,479,36
2328,VietMotion UE-02,3,1,1,2
2330,VietMotion UE-04,6,2,2,2
2331,VietMotion UE-05,115219,8476,7092,115
2332,VietMotion UE-06,150312,11148,9386,121
2334,VietMotion UE-08,20774,2180,1863,121
2336,VietMotion UE-10,8387,738,646,79
2340,VietMotion UE-14,6,2,2,2
2341,VietMotion UE-15,644,301,255,59
2343,VietMotion UE-17,34165,1953,1674,127
2345,VietMotion UE-19,15330,1324,1134,79
2348,VietMotion UE-22,350,126,119,45
2350,VietMotion UE-24,5854,1340,1137,65
2352,VietMotion UE-26,17195,1207,1042,91
2353,VietMotion UC-01,39917,2614,2231,123
2354,VietMotion UC-02,31349,2989,2563,138
2355,VietMotion UC-03,14716,1490,1289,138
2356,VietMotion UC-04,6,2,2,1
2359,VietMotion UC-07,75837,4593,3881,120
2360,VietMotion UC-08,1786,640,536,50
2361,VietMotion UC-09,10575,1409,1203,147
2363,VietMotion UC-11,1014,255,233,115
2365,VietMotion UC-13,10769,1317,1117,94
2367,VietMotion UC-15,3948,963,829,74
2368,VietMotion UC-16,12453,1767,1485,99
2369,VietMotion UC-17,3365,669,579,52
2370,VietMotion UC-18,9,4,4,5
2371,VietMotion UC-19,3603,496,453,73
2372,VietMotion UC-20,3,1,1,2
2373,VietMotion UC-21,7944,830,702,37
2374,VietMotion UC-22,1434,334,293,35
2375,VietMotion UC-23,356,163,141,68
2376,VietMotion UC-24,22409,2001,1719,161
2377,VietMotion UC-25,9,3,3,0
2378,VietMotion UC-26,12,3,3,0
2379,VietMotion UC-27,19653,1913,1650,134
2380,VietMotion UC-28,45711,3073,2624,113
2381,VietMotion UC-29,4548,619,550,91
2384,VietMotion UC-32,30479,1877,1628,117
2385,VietMotion UC-33,7580,931,814,93
2387,VietMotion UC-35,35774,3281,2783,146
2388,VietMotion UC-36,89245,5094,4286,115
2389,VietMotion UC-37,10185,1178,1019,102
2391,VietMotion UC-39,9361,936,815,125
2393,VietMotion YY-02,11518,1058,892,72
2394,VietMotion YY-03,36029,3271,2763,127
2395,VietMotion YY-04,9594,1377,1173,55
2396,VietMotion YY-05,110847,6749,5687,117
2400,VietMotion YY-09,25148,1698,1432,69
2401,VietMotion YY-10,15,6,6,3
2402,VietMotion YY-11,10868,1220,1051,172
2403,VietMotion YY-12,730,538,454,84
2404,VietMotion YY-13,639,242,220,60
2405,VietMotion YY-14,2820,234,216,57
2406,VietMotion YY-15,41,20,19,13
2407,VietMotion YY-16,371,53,49,21
2410,VietMotion YY-19,12,5,5,7
2412,VietMotion YY-21,15220,1619,1390,101
