2012-08,GenZ,2346992.68634033,143718488.532349,1.63304854532482
2012-09,Streetwear,27222334.7896729,34469039.3404541,78.9761922889558
2012-09,GenZ,480429.151855469,34469039.3404541,1.39379907606424
2012-07,GenZ,2066507.31781006,118658600.677246,1.74155712777281
2012-08,Casual,2385467.9708252,143718488.532349,1.65981982915738
2012-07,Casual,2175995.45202637,118658600.677246,1.83382868128128
2012-08,Streetwear,114993571.362061,143718488.532349,80.0130675853702
2012-08,Outdoor,23992456.5131226,143718488.532349,16.6940640401477
2012-09,Casual,512888.786132813,34469039.3404541,1.48796948202403
2012-07,Streetwear,98311622.5551758,118658600.677246,82.8525045753619
2012-09,Outdoor,6253386.61279297,34469039.3404541,18.1420391529559
2012-07,Outdoor,16104475.3522339,118658600.677246,13.572109615584
