shipper_id,shipper_name,years_experience,total_orders,total_shipping_fee,average_rating,average_success_rate,average_delivery_time,working_shift,shipper_vehicle,shipper_company,city,region,district
SHP00009,Nguyễn Thanh Bình,12,380,1984.02000212111,4.30000019073486,97.4000015258789,4.27105263157895,Evening,Truck,BEST Express,Phu Ly,East,District #10
SHP00012,Nguyễn Thị Bình,6,393,2149.34999741428,4.69999980926514,97.1999969482422,4.45547073791349,Morning,Motorbike,GHTK,Ha Long,East,District #07
SHP00059,Nguyễn Minh Quân,7,381,2331.41000215895,5,98.9000015258789,4.4750656167979,Evening,Van,J&T Express,Bac Lieu,West,District #37
SHP00010,Bùi Đức Bình,8,361,2150.65000495315,4.5,99.5,4.59279778393352,Evening,Motorbike,Ahamove,Tra Vinh,West,District #37
SHP00003,Hoàng Thị Khánh,10,366,2494.83999959007,4.80000019073486,95.0999984741211,4.59562841530055,Evening,Motorbike,GHN,Long Xuyen,West,District #34
SHP00036,Phạm Gia An,3,375,2482.97000181489,4.69999980926514,96.5,4.58933333333333,Morning,Van,Ninja Van,Nha Trang,Central,District #29
SHP00074,Lê Minh Phong,10,357,2196.99000164866,4.5,96.8000030517578,4.48739495798319,Morning,Motorbike,Shopee Express,Hoi An,Central,District #20
SHP00004,Trần Đức Vy,8,392,2094.20999917202,5,96.3000030517578,4.60714285714286,Evening,Truck,Viettel Post,Kon Tum,Central,District #27
SHP00078,Đặng Văn Bình,11,370,2219.80999962986,5,96.8000030517578,4.44594594594595,Evening,Motorbike,Shopee Express,Hoi An,Central,District #25
SHP00008,Phạm Thanh Trang,5,356,2085.56000508368,4.69999980926514,95.9000015258789,4.44101123595506,Afternoon,Truck,BEST Express,Lao Cai,East,District #16
SHP00023,Bùi Văn Hà,6,414,2492.36000525765,4.59999990463257,95.9000015258789,4.43961352657005,Evening,Motorbike,Shopee Express,Uong Bi,East,District #06
SHP00024,Hoàng Thị Nam,3,374,2120.87999486923,4.5,96.4000015258789,4.47326203208556,Evening,Van,Ninja Van,Bac Giang,East,District #15
SHP00017,Bùi Thị Hùng,11,396,2280.81000204384,5,98.0999984741211,4.52525252525253,Afternoon,Motorbike,GHN,Hue,Central,District #20
SHP00028,Hoàng Đức Quân,8,371,1892.27000168897,4.59999990463257,98.8000030517578,4.48517520215633,Afternoon,Motorbike,GHTK,Cam Pha,East,District #06
SHP00043,Bùi Thị Trang,2,371,2170.74000503309,4.59999990463257,97,4.53638814016173,Morning,Van,Ninja Van,Soc Trang,West,District #34
SHP00048,Nguyễn Thị Vy,9,366,2044.41999796219,4.90000009536743,98.8000030517578,4.52185792349727,Afternoon,Motorbike,Shopee Express,Bac Lieu,West,District #39
SHP00049,Đặng Đức Dũng,6,391,2311.72999599017,4.80000019073486,98,4.40409207161125,Afternoon,Motorbike,Ahamove,Vinh Long,West,District #36
SHP00065,Nguyễn Quốc Trang,2,365,2265.67999814078,4.80000019073486,97.9000015258789,4.52602739726027,Evening,Motorbike,Ahamove,Dong Hoi,Central,District #25
SHP00029,Võ Quốc Hùng,8,360,2165.6900001578,4.30000019073486,98.1999969482422,4.53888888888889,Morning,Truck,Viettel Post,Dong Hoi,Central,District #30
SHP00053,Nguyễn Đức Bình,8,358,2286.13000274636,4.69999980926514,96.8000030517578,4.58379888268156,Evening,Motorbike,GHTK,Da Nang,Central,District #30
SHP00058,Bùi Thanh Hùng,11,365,2170.91000835039,4.59999990463257,98.3000030517578,4.66575342465753,Evening,Motorbike,GHN,Uong Bi,East,District #07
SHP00066,Lê Thị Phong,8,371,2490.56000403687,4.59999990463257,99,4.57951482479784,Morning,Van,Ninja Van,Hanoi,East,District #01
SHP00080,Lê Minh Khánh,11,386,2351.55999832973,4.59999990463257,95.3000030517578,4.57512953367876,Afternoon,Motorbike,GHN,Hoi An,Central,District #26
SHP00045,Nguyễn Thanh Giang,7,372,1939.45000147447,4.80000019073486,95.3000030517578,4.5241935483871,Evening,Motorbike,Ahamove,Son Tay,East,District #07
SHP00032,Đặng Văn Nam,6,392,2416.89999791794,4.80000019073486,97.0999984741211,4.43877551020408,Afternoon,Truck,BEST Express,Bac Ninh,East,District #04
SHP00073,Phạm Văn Phong,8,397,2633.30001072958,4.90000009536743,98.5999984741211,4.69269521410579,Morning,Motorbike,GHTK,Son Tay,East,District #08
SHP00040,Phạm Gia An,12,428,2423.69000112265,4.40000009536743,98.9000015258789,4.46728971962617,Morning,Van,Ninja Van,Soc Trang,West,District #34
SHP00050,Hoàng Gia Hùng,12,368,2151.449997738,4.40000009536743,95.1999969482422,4.42934782608696,Morning,Motorbike,GHTK,Tuy Hoa,Central,District #24
SHP00070,Phạm Anh Cường,9,346,2175.06000023894,4.30000019073486,99.4000015258789,4.42774566473988,Morning,Truck,Viettel Post,Tam Ky,Central,District #21
SHP00027,Hoàng Thị Giang,9,383,2095.24999721162,4.40000009536743,96.8000030517578,4.46736292428198,Evening,Van,Ninja Van,Viet Tri,East,District #11
SHP00069,Hoàng Thị Giang,10,383,2522.68999784626,4.5,98.5,4.39425587467363,Morning,Motorbike,GHN,Cam Pha,East,District #02
SHP00044,Nguyễn Thị Cường,12,383,2037.77000741847,5,95.3000030517578,4.51958224543081,Morning,Van,Ninja Van,Da Nang,Central,District #21
SHP00013,Lê Anh Hà,10,403,2397.3000004217,4.19999980926514,97.6999969482422,4.55086848635236,Morning,Truck,BEST Express,Tam Ky,Central,District #23
SHP00064,Nguyễn Gia Quân,12,349,2179.300000811,4.80000019073486,99.3000030517578,4.53581661891117,Afternoon,Van,J&T Express,My Tho,West,District #33
SHP00068,Trần Quốc Long,2,380,2418.14999207668,4.59999990463257,99.8000030517578,4.58157894736842,Morning,Van,Ninja Van,Viet Tri,East,District #11
SHP00020,Hoàng Đức Giang,6,383,2541.08000018448,5,95.6999969482422,4.43080939947781,Afternoon,Van,Ninja Van,Phan Rang-Thap Cham,Central,District #30
SHP00077,Trần Văn Giang,9,394,2257.74999353848,4.69999980926514,99.4000015258789,4.39340101522843,Morning,Truck,BEST Express,Quy Nhon,Central,District #23
SHP00031,Lê Thanh Nam,7,379,2123.46000210755,4.40000009536743,96,4.40633245382586,Afternoon,Truck,Viettel Post,Kon Tum,Central,District #30
SHP00007,Hoàng Anh Hùng,6,377,2460.12000023201,4.40000009536743,99.5999984741211,4.63925729442971,Afternoon,Truck,BEST Express,Phu Ly,East,District #09
SHP00054,Nguyễn Quốc Phong,9,383,2292.9999951385,4.69999980926514,97.8000030517578,4.71801566579634,Evening,Truck,BEST Express,Bac Giang,East,District #01
SHP00035,Trần Văn Hùng,2,383,2136.00000199489,4.69999980926514,98.9000015258789,4.60313315926893,Morning,Truck,BEST Express,Tam Ky,Central,District #32
SHP00057,Võ Thị Sơn,7,373,2150.48001055419,4.59999990463257,97.9000015258789,4.70777479892761,Evening,Motorbike,GHTK,Cam Pha,East,District #05
SHP00061,Lê Anh Quân,1,372,2090.62000064179,4.80000019073486,95.0999984741211,4.48387096774194,Evening,Motorbike,GHTK,Tam Ky,Central,District #26
SHP00062,Trần Văn Sơn,1,362,2030.37000384927,4.30000019073486,98.6999969482422,4.38121546961326,Morning,Truck,Viettel Post,Tuy Hoa,Central,District #23
SHP00051,Đặng Anh Hà,9,399,2089.89001007192,4.59999990463257,95.0999984741211,4.46616541353383,Afternoon,Van,J&T Express,Viet Tri,East,District #15
SHP00042,Nguyễn Quốc Trang,7,357,2275.37999682501,5,99.8000030517578,4.48459383753501,Evening,Van,Ninja Van,Nha Trang,Central,District #31
SHP00016,Bùi Văn Trang,6,401,2363.25999202952,4.90000009536743,96.5999984741211,4.56857855361596,Afternoon,Truck,Viettel Post,Hue,Central,District #25
SHP00060,Bùi Thanh Cường,11,343,2008.67998749763,4.69999980926514,95.4000015258789,4.3265306122449,Afternoon,Motorbike,GHTK,Uong Bi,East,District #03
SHP00067,Nguyễn Quốc Hà,5,413,2629.41000319645,4.69999980926514,99,4.55932203389831,Morning,Truck,Viettel Post,Phu Ly,East,District #13
SHP00076,Trần Thanh Long,10,385,2299.53999941424,4.69999980926514,95.0999984741211,4.55844155844156,Afternoon,Truck,BEST Express,Ninh Binh,East,District #01
SHP00001,Bùi Văn Long,7,373,2241.2199977655,5,99,4.46916890080429,Evening,Truck,Viettel Post,Phan Rang-Thap Cham,Central,District #25
SHP00034,Đặng Thị Vy,7,375,2459.93000540137,4.69999980926514,97.4000015258789,4.47733333333333,Evening,Van,Ninja Van,Nha Trang,Central,District #28
SHP00038,Bùi Quốc Trang,3,353,2212.47999507561,4.40000009536743,99.6999969482422,4.51841359773371,Evening,Motorbike,Ahamove,Dong Hoi,Central,District #26
SHP00039,Phạm Đức Giang,8,351,2435.29000278004,4.90000009536743,97.3000030517578,4.57549857549858,Evening,Motorbike,Ahamove,Nam Dinh,East,District #08
SHP00047,Phạm Quốc Sơn,10,378,2312.59000371769,4.59999990463257,98.3000030517578,4.4973544973545,Afternoon,Motorbike,Shopee Express,Long Xuyen,West,District #35
SHP00052,Phạm Anh Hùng,4,345,2328.06999984756,4.69999980926514,99.3000030517578,4.6,Evening,Van,Ninja Van,Phu Ly,East,District #04
SHP00041,Phạm Thị Hà,12,393,2407.94000255875,4.90000009536743,97.5999984741211,4.51908396946565,Morning,Van,J&T Express,Vinh Long,West,District #36
SHP00015,Bùi Văn Hùng,1,362,2266.7700034678,4.30000019073486,98.8000030517578,4.36740331491713,Afternoon,Truck,Viettel Post,Unknown,Unknown,Unknown
SHP00026,Nguyễn Thanh Hùng,11,368,2156.07000201009,4.30000019073486,96,4.46195652173913,Afternoon,Van,Ninja Van,Lao Cai,East,District #16
SHP00075,Phạm Anh Hùng,11,347,2216.69000814669,4.30000019073486,96.6999969482422,4.48991354466859,Afternoon,Van,J&T Express,My Tho,West,District #38
SHP00005,Trần Minh Cường,10,398,2570.28999933228,4.59999990463257,95.6999969482422,4.5427135678392,Morning,Truck,BEST Express,Da Nang,Central,District #23
SHP00022,Lê Thanh Nam,7,393,2483.84999870881,4.80000019073486,99.4000015258789,4.50381679389313,Morning,Motorbike,Ahamove,Cam Pha,East,District #19
SHP00030,Hoàng Văn Trang,4,379,2316.82000571303,4.19999980926514,96.4000015258789,4.41160949868074,Morning,Truck,Viettel Post,Da Lat,West,District #33
SHP00046,Nguyễn Đức Cường,8,359,2048.87000239268,5,99.5999984741211,4.5041782729805,Afternoon,Motorbike,GHTK,Bac Ninh,East,District #03
SHP00055,Hoàng Văn Trang,5,351,1954.99000646546,4.19999980926514,95.8000030517578,4.5042735042735,Morning,Van,J&T Express,Thai Nguyen,East,District #06
SHP00079,Đặng Thanh An,11,350,1890.68000210449,4.5,95.9000015258789,4.58571428571429,Morning,Motorbike,Shopee Express,Ho Chi Minh City,West,District #35
SHP00006,Võ Thanh Nam,9,379,2489.45000828989,4.69999980926514,96,4.50395778364116,Afternoon,Van,J&T Express,Hoi An,Central,District #29
SHP00037,Phạm Quốc Dũng,9,395,2199.84000625834,4.30000019073486,96.6999969482422,4.56708860759494,Morning,Motorbike,GHN,Quang Ngai,Central,District #21
SHP00071,Bùi Thị Hà,12,350,2467.5699968487,4.69999980926514,95.9000015258789,4.48,Afternoon,Motorbike,Ahamove,Nha Trang,Central,District #24
SHP00056,Nguyễn Minh Long,8,382,2431.0400046967,4.90000009536743,96.5999984741211,4.40837696335079,Morning,Van,Ninja Van,My Tho,West,District #35
SHP00072,Trần Đức Hùng,12,389,2709.64000363648,4.59999990463257,99.4000015258789,4.45758354755784,Morning,Truck,Viettel Post,Vung Tau,West,District #33
SHP00019,Đặng Văn Nam,2,347,1935.30999319069,4.80000019073486,96.5,4.5014409221902,Evening,Motorbike,GHN,Quy Nhon,Central,District #21
SHP00002,Trần Anh Khánh,2,349,2098.70999967121,4.90000009536743,98.4000015258789,4.59025787965616,Afternoon,Van,J&T Express,Phan Thiet,Central,District #29
SHP00021,Lê Quốc Trang,12,386,2233.64999897964,4.30000019073486,99.6999969482422,4.59067357512953,Morning,Motorbike,GHN,Tuy Hoa,Central,District #32
SHP00063,Nguyễn Thanh Vy,8,347,1857.30999660678,4.59999990463257,96.1999969482422,4.48414985590778,Evening,Truck,BEST Express,Ninh Binh,East,District #14
SHP00014,Lê Gia Vy,8,355,2208.50999525189,4.80000019073486,96.3000030517578,4.57746478873239,Evening,Van,J&T Express,Phan Thiet,Central,District #32
SHP00025,Trần Đức Cường,10,367,2409.74000069313,4.59999990463257,98.5999984741211,4.56130790190736,Evening,Motorbike,GHTK,Kon Tum,Central,District #25
SHP00033,Võ Gia Giang,9,405,2605.43000580184,5,99.9000015258789,4.51851851851852,Evening,Van,J&T Express,Viet Tri,East,District #09
SHP00018,Lê Gia Phong,7,348,1983.39000205882,4.30000019073486,98.5,4.52586206896552,Afternoon,Motorbike,GHN,Uong Bi,East,District #11
SHP00011,Võ Thị Hùng,5,394,1921.68999203667,4.59999990463257,98.4000015258789,4.58883248730965,Afternoon,Van,J&T Express,Son Tay,East,District #03
