EMP0001,Trần Anh Phúc,9,57,1454626.53320313,25519.7637404057,4.33333333333333,100,8.56576772179033,0.433944258658854,Cần cải thiện
EMP0004,Đỗ Thanh Lan,17,61,1463558.20697021,23992.757491315,3.90909090909091,81.8181818181818,1.75003976363605,0.400540765145486,Cần cải thiện
EMP0007,Bùi Anh Sơn,4,48,1027756.83178711,21411.6006622314,4,66.6666666666667,0.131840524732282,0.381665409907227,Cần cải thiện
EMP0015,Võ Quốc Mai,12,71,1820976.93969727,25647.5625309474,3.66666666666667,66.6666666666667,5.18887186852341,0.402591949715169,Cần cải thiện
EMP0024,Vũ Quốc Dũng,8,51,1235716.23779297,24229.7301528033,3.33333333333333,50,1.89352452045228,0.340809640934245,Cần cải thiện
EMP0028,Trần Văn Lan,19,57,1491630.88348389,26168.9628681384,3.9,70,2.77550164752545,0.401497853009033,Cần cải thiện
EMP0031,Lê Gia Bình,13,54,1535460.73059082,28434.4579739041,3.7,60,11.4941233938095,0.388127643835449,Cần cải thiện
EMP0034,Dương Gia Lan,7,47,1197383.0567627,25476.2352502701,3.71428571428571,71.4285714285714,0,0.368985840548619,Cần cải thiện
EMP0037,Võ Quốc Trang,6,59,1239403.840271,21006.8447503559,3.92307692307692,69.2307692307692,1.54358403003743,0.388210384262414,Cần cải thiện
EMP0043,Dương Minh Giang,20,45,1299961.77154541,28888.0393676758,3.77777777777778,55.5555555555556,4.67001105165321,0.380219928514947,Cần cải thiện
EMP0052,Dương Văn Dũng,5,54,1669276.57214355,30912.5291137695,4,100,3.80775846736469,0.420156594328613,Cần cải thiện
EMP0058,Lê Thanh Trang,3,64,2026000.5524292,31656.2586317062,3.8,70,0.7186977464069,0.425560033145752,Cần cải thiện
EMP0064,Hoàng Quốc Mai,5,54,1439783.10656738,26662.6501216182,4.28571428571429,100,1.39375156023055,0.429244129251186,Cần cải thiện
EMP0067,Ngô Đức Nam,4,56,1304054.97662354,23286.6960111346,4.33333333333333,88.8888888888889,2.16420329378363,0.424909965264079,Cần cải thiện
EMP0075,Phạm Đức Hùng,17,62,1533023.36627197,24726.1833269673,4.35714285714286,92.8571428571429,8.66430884699419,0.440552830547747,Cần cải thiện
EMP0086,Bùi Thị Yến,20,61,1404967.68084717,23032.2570630683,3.44444444444444,66.6666666666667,0.77426338975041,0.359853616406386,Cần cải thiện
EMP0089,Trần Gia An,12,62,1670313.4005127,26940.5387179467,3.91666666666667,75,3.29072971412293,0.413552137364095,Cần cải thiện
EMP0093,Bùi Minh Quân,18,73,2017163.34509277,27632.374590312,3.78571428571429,57.1428571428571,3.4548535677321,0.423886943562709,Cần cải thiện
EMP0113,Vũ Văn Bình,13,73,1771053.93365479,24261.0127897916,3.91666666666667,58.3333333333333,0.633709107602629,0.41959656935262,Cần cải thiện
EMP0117,Phan Gia Mai,14,58,1279425.8001709,22059.0655201879,4,77.7777777777778,3.03191246474149,0.396765548010254,Cần cải thiện
EMP0133,Phan Anh Lan,7,50,1085480.40643311,21709.6081286621,4.25,87.5,0.867391991728939,0.405128824385986,Cần cải thiện
EMP0137,Đặng Thị Mai,9,72,1613043.26379395,22403.3786638048,3.95238095238095,71.4285714285714,2.71375609055238,0.412973072018113,Cần cải thiện
EMP0140,Lê Hữu Dũng,10,48,1230190.25592041,25628.9636650085,4,78.5714285714286,4.01452784108711,0.393811415355225,Cần cải thiện
EMP0141,Nguyễn Văn Hà,5,72,1704088.45874023,23667.895260281,3.94444444444444,72.2222222222222,4.8613819090188,0.41780086307997,Cần cải thiện
EMP0142,Võ Thanh Lan,14,45,1309669.35699463,29103.7634887695,3.44444444444444,33.3333333333333,3.25845452363973,0.354135716975233,Cần cải thiện
EMP0144,Hoàng Quốc Mai,16,66,1361202.19641113,20624.275703199,4.4,86.6666666666667,3.55269923685452,0.433672131784668,Cần cải thiện
EMP0145,Phan Đức Hùng,12,72,1882929.12042236,26151.7933391995,3.8125,68.75,3.04115913284085,0.417975747225342,Cần cải thiện
EMP0171,Trần Văn Khánh,5,64,1425377.57293701,22271.5245771408,4.4,80,0.62191594416343,0.437522654376221,Cần cải thiện
EMP0172,Dương Thanh Uyên,7,59,1321887.42614746,22404.871629618,3.93333333333333,73.3333333333333,1.48412482671333,0.393979912235514,Cần cải thiện
EMP0174,Huỳnh Hữu Nam,7,37,1056905.98553467,28565.0266360721,4,83.3333333333333,4.41312017231168,0.38341435913208,Cần cải thiện
EMP0175,Dương Anh Giang,12,64,1664986.24316406,26015.4100494385,4.07692307692308,76.9230769230769,4.62466167687749,0.42605302074369,Cần cải thiện
EMP0179,Phạm Ngọc Phúc,19,72,1965622.0480957,27300.3062235514,3.85714285714286,71.4285714285714,2.04196735137958,0.426508751457171,Cần cải thiện
EMP0188,Võ Anh Linh,17,79,1909903.190979,24175.9897592279,4.09090909090909,90.9090909090909,2.40343228260008,0.441866918731468,Cần cải thiện
EMP0002,Phạm Văn Mai,20,56,1703372.02819824,30417.3576463972,4.45454545454545,100,0.0353117217071251,0.458565958055531,Cần cải thiện
EMP0019,Dương Ngọc An,5,66,1504987.16705322,22802.8358644428,3.93333333333333,73.3333333333333,1.40078271490741,0.40496589668986,Cần cải thiện
EMP0022,Huỳnh Văn Cường,2,62,1418694.67504883,22882.1721782069,3,66.6666666666667,2.21160339063463,0.32512168050293,Cần cải thiện
EMP0026,Huỳnh Đức Linh,14,63,1956092.69702148,31049.0904289125,3.75,62.5,8.46617282538084,0.417365561821289,Cần cải thiện
EMP0027,Phạm Anh Hà,15,55,1136035.54638672,20655.1917524858,3.76923076923077,61.5384615384615,2.89126162205878,0.369700594321665,Cần cải thiện
EMP0032,Đỗ Văn Dũng,10,65,1560942.66772461,24014.5025803786,4.45454545454545,81.8181818181818,2.6075769058777,0.450020196427113,Cần cải thiện
EMP0040,Trần Hữu Giang,14,48,1077634.99719238,22450.7291081746,3.42857142857143,71.4285714285714,5.13492048230444,0.338943814117257,Cần cải thiện
EMP0045,Hoàng Quốc Yến,20,48,1153702.809021,24035.4751879374,4.2,90,2.88534446744964,0.40522216854126,Cần cải thiện
EMP0053,Dương Thị Hà,11,49,1157781.85626221,23628.2011482083,4,69.2307692307692,0.874538665918332,0.389466911375732,Cần cải thiện
EMP0054,Phan Thị Uyên,17,72,1977978.47497559,27471.9232635498,4.2,80,4.99192492176498,0.454678708498535,Cần cải thiện
EMP0057,Vũ Hữu Yến,19,75,1661449.03643799,22152.6538191732,3.6,65,3.01920964269516,0.387686942186279,Cần cải thiện
EMP0062,Đỗ Thanh Vy,18,70,1776234.18518066,25374.7740740095,4.375,87.5,3.8283520753261,0.45657405111084,Cần cải thiện
EMP0066,Huỳnh Thị Dũng,17,54,1835167.05737305,33984.5751365379,3.91666666666667,66.6666666666667,7.96147993416983,0.423443356775716,Cần cải thiện
EMP0079,Đặng Hữu Hùng,8,52,1338256.5567627,25735.7030146672,4.25,75,3.42992756036161,0.420295393405762,Cần cải thiện
EMP0088,Bùi Gia Bình,2,57,1135302.67871094,19917.5908545779,4.06666666666667,80,6.79462759648512,0.39345149405599,Cần cải thiện
EMP0090,Bùi Anh Vy,16,67,1668043.70220947,24896.1746598429,3.91666666666667,75,8.31805552863012,0.413415955465902,Cần cải thiện
EMP0095,Trần Đức Nam,9,54,1367732.81695557,25328.3854991772,3.66666666666667,50,2.57067676151261,0.375397302350667,Cần cải thiện
EMP0105,Phan Thị Uyên,16,54,1276584.52404785,23640.4541490343,3.8,80,1.96304358798508,0.380595071442871,Cần cải thiện
EMP0111,Trần Ngọc Lan,4,64,1652249.89953613,25816.4046802521,4.05263157894737,78.9473684210526,3.82418356385048,0.423345520287957,Cần cải thiện
EMP0116,Ngô Gia Lan,3,60,1399639.65118408,23327.3275197347,3.66666666666667,66.6666666666667,7.93221047597398,0.377311712404378,Cần cải thiện
EMP0125,Lê Quốc Mai,13,69,1683458.18865967,24397.9447631836,3.71428571428571,64.2857142857143,4.42805000228005,0.398150348462437,Cần cải thiện
EMP0131,Bùi Ngọc Lan,8,71,1464534.68133545,20627.2490328937,4.11111111111111,77.7777777777778,4.10916806363193,0.416760969769016,Cần cải thiện
EMP0143,Bùi Minh Quân,11,57,1217472.27722168,21359.1627582751,4.15384615384615,84.6153846153846,1.57023943419801,0.405356028940993,Cần cải thiện
EMP0148,Hoàng Thị Hà,1,52,1610747.14849854,30975.9067018949,4.33333333333333,88.8888888888889,4.90465192437352,0.443311495576579,Cần cải thiện
EMP0149,Phan Minh Cường,12,73,1955137.97442627,26782.7119784421,4.4,80,3.48418734702674,0.469308278465576,Cần cải thiện
EMP0170,Vũ Đức Giang,10,62,1305914.2543335,21063.1331344112,3.4,60,2.09202404143113,0.35035485526001,Cần cải thiện
EMP0173,Dương Anh Mai,11,62,1717832.96105957,27706.9832428963,3.57142857142857,42.8571428571429,2.42925359967648,0.38878426337786,Cần cải thiện
EMP0187,Trần Gia Hà,10,66,1535850.1338501,23270.4565734863,3.69230769230769,69.2307692307692,2.65617645558764,0.387535623415621,Cần cải thiện
EMP0195,Vũ Thanh Linh,4,51,1418376.13433838,27811.2967517329,3.71428571428571,71.4285714285714,0,0.38224542520316,Cần cải thiện
EMP0200,Huỳnh Văn Quân,4,57,1561353.95410156,27392.1746333607,4,75,3.93919653001687,0.413681237246094,Cần cải thiện
EMP0012,Đỗ Ngọc Lan,17,74,2169287.35754395,29314.6940208641,3.6875,68.75,4.24576744819337,0.425157241452637,Cần cải thiện
EMP0013,Phạm Thanh Oanh,3,65,1716764.578125,26411.7627403846,3.38461538461538,61.5384615384615,0.519608808021899,0.373775105456731,Cần cải thiện
EMP0048,Đỗ Anh Khánh,6,62,1419913.79467773,22901.835398028,3.85714285714286,71.4285714285714,5.77071000570651,0.393766256252093,Cần cải thiện
EMP0050,Huỳnh Gia Quân,18,45,1187219.6741333,26382.6594251845,4.18181818181818,81.8181818181818,7.22171942532165,0.405778634993453,Cần cải thiện
EMP0059,Nguyễn Đức Dũng,12,62,1526757.87817383,24625.1270673198,4,81.25,2.56203428598132,0.41160547269043,Cần cải thiện
EMP0072,Đặng Gia Vy,9,70,1309718.05133057,18710.257876151,3.82352941176471,70.5882352941177,2.5615574018711,0.38446543602101,Cần cải thiện
EMP0073,Ngô Gia Uyên,3,63,1463687.20678711,23233.1302664621,4.4,80,2.1222908196989,0.439821232407227,Cần cải thiện
EMP0082,Dương Ngọc Linh,14,69,1698238.5189209,24612.152448129,3.30769230769231,46.1538461538462,1.41525644283366,0.366509695750639,Cần cải thiện
EMP0098,Phan Thị Hà,18,60,1301046.32312012,21684.1053853353,4.18181818181818,72.7272727272727,5.01909508637584,0.412608233932662,Cần cải thiện
EMP0100,Bùi Ngọc Lan,6,62,1699578.28356934,27412.5529607957,4.14285714285714,78.5714285714286,1.75342439948776,0.433403268442732,Cần cải thiện
EMP0102,Huỳnh Đức An,18,44,1215722.36535645,27630.053758101,4,87.5,7.99204657452878,0.392943341921387,Cần cải thiện
EMP0103,Nguyễn Thị Phúc,20,70,1819061.66705322,25986.5952436175,4.11111111111111,77.7777777777778,1.23815317778156,0.438032588912082,Cần cải thiện
EMP0107,Hồ Thanh Yến,17,55,1318154.23205566,23966.4405828303,4.05882352941176,76.4705882352941,3.40538605618837,0.403795136276281,Cần cải thiện
EMP0119,Trần Thị Yến,3,58,1435034.79870605,24741.9792880354,4,80,7.0981721154808,0.406102087922363,Cần cải thiện
EMP0120,Đặng Quốc Sơn,13,65,1478450.80767822,22745.3970412034,3.53846153846154,53.8461538461538,2.48728060642023,0.371783971537616,Cần cải thiện
EMP0121,Lê Quốc Trang,5,53,1487973.44207764,28074.9706052384,3.90909090909091,63.6363636363636,4.10707725984277,0.402005679251931,Cần cải thiện
EMP0122,Ngô Văn Hà,9,68,1857304.85205078,27313.3066478056,4.23076923076923,76.9230769230769,0.993617194605076,0.449899829584585,Cần cải thiện
EMP0134,Đỗ Minh Vy,13,66,1637094.03344727,24804.4550522313,3.7,60,8.6106415285885,0.394225642006836,Cần cải thiện
EMP0139,Hoàng Thị Giang,19,57,1375254.42608643,24127.2706330952,4.25,66.6666666666667,0.260688481695328,0.422515265565186,Cần cải thiện
EMP0151,Ngô Quốc Yến,16,61,1045421.98260498,17138.0652886062,4.5,100,2.407143798727,0.422725318956299,Cần cải thiện
EMP0152,Hoàng Đức Oanh,16,58,1632777.2565918,28151.3320102034,4.13333333333333,86.6666666666667,4.99796483122146,0.428633302062175,Cần cải thiện
EMP0156,Vũ Anh Yến,10,57,1339252.04852295,23495.6499740868,4.45454545454545,90.9090909090909,8.57797462803476,0.436718759275013,Cần cải thiện
EMP0160,Ngô Thanh Sơn,15,60,1372351.92504883,22872.5320841471,3.75,58.3333333333333,4.52955386611366,0.38234111550293,Cần cải thiện
EMP0163,Phạm Thanh Mai,1,58,1299814.98413086,22410.60317467,3.84615384615385,69.2307692307692,6.35035694472123,0.385681206740159,Cần cải thiện
EMP0167,Bùi Minh Lan,15,54,1225170.34185791,22688.3396640354,3.86666666666667,80,3.99840972348695,0.382843553844808,Cần cải thiện
EMP0184,Hồ Thị Oanh,8,60,1321046.38818359,22017.4398030599,4.45454545454545,81.8181818181818,6.19518451149914,0.435626419654652,Cần cải thiện
EMP0185,Phan Hữu Yến,7,49,1183431.96783447,24151.6728129484,4.3,80,2.25128782752248,0.415005918070068,Cần cải thiện
EMP0190,Đỗ Minh Giang,19,70,1952494.51983643,27892.7788548061,4.33333333333333,83.3333333333333,4.177246964731,0.463816337856852,Cần cải thiện
EMP0193,Lê Thị Quân,13,47,1255814.97192383,26719.467487741,3.83333333333333,66.6666666666667,2.32397371164829,0.382015564982096,Cần cải thiện
EMP0197,Ngô Đức Bình,8,51,1050109.28692627,20590.3781750249,4.36363636363636,81.8181818181818,3.14821706065758,0.412097466306485,Cần cải thiện
EMP0006,Lê Anh Quân,8,50,1284788.51031494,25695.7702062988,4.28571428571429,85.7142857142857,3.3053005029863,0.419944453476039,Cần cải thiện
EMP0009,Phan Minh Vy,8,54,1431437.69641113,26508.1054890951,4,55.5555555555556,0.805126895950348,0.405886261784668,Cần cải thiện
EMP0018,Đặng Văn Hùng,9,51,1252547.04351807,24559.7459513346,4.07142857142857,78.5714285714286,3.05433236260554,0.40086710832537,Cần cải thiện
EMP0029,Bùi Minh Trang,12,63,1405810.40325928,22314.4508453854,3.3,60,4.69511105239469,0.348348624195557,Cần cải thiện
EMP0036,Hoàng Quốc Phúc,10,46,1150997.78216553,25021.6909166419,4.11111111111111,77.7777777777778,5.98230425792014,0.397948755818821,Cần cải thiện
EMP0039,Võ Thị Hùng,12,70,1997912.26000977,28541.6037144252,3.9,80,9.31220907792987,0.431874735600586,Cần cải thiện
EMP0051,Dương Anh Hùng,20,63,1828371.47570801,29021.7694556827,4.125,75,1.11887386814406,0.439702288542481,Cần cải thiện
EMP0069,Hồ Văn Lan,12,73,1900121.58520508,26029.0628110285,4.13333333333333,73.3333333333333,2.38253277494155,0.444673961778971,Cần cải thiện
EMP0078,Phạm Hữu Bình,3,55,1263882.79443359,22979.6871715199,3.83333333333333,83.3333333333333,3.48740799122175,0.382499634332682,Cần cải thiện
EMP0114,Phan Anh Lan,4,49,1063298.340271,21699.9661279795,4.125,75,3.29948420975643,0.39379790041626,Cần cải thiện
EMP0127,Đỗ Gia Hà,16,60,1517645.06671143,25294.0844451904,4.0625,81.25,0.833030073805778,0.416058704002686,Cần cải thiện
EMP0157,Hoàng Đức Giang,9,57,1552428.51947021,27235.588060881,3.42857142857143,57.1428571428571,7.41871447305772,0.367431425453927,Cần cải thiện
EMP0162,Trần Thanh Giang,18,49,1221799.73669434,24934.688503966,4.1,80,10.2744554415185,0.40130798420166,Cần cải thiện
EMP0165,Đỗ Ngọc Vy,6,49,1302218.31091309,26575.8838961854,4.33333333333333,83.3333333333333,0.356490920159726,0.424799765321452,Cần cải thiện
EMP0192,Nguyễn Đức Bình,1,62,1352141.02276611,21808.726173647,4.16666666666667,83.3333333333333,0,0.4144617946993,Cần cải thiện
EMP0005,Trần Gia Uyên,2,52,1406785.71405029,27053.5714240441,3.28571428571429,42.8571428571429,0.870178026324141,0.34726428570016,Cần cải thiện
EMP0011,Dương Quốc Dũng,17,57,1483645.15020752,26028.8622843424,4.36363636363636,90.9090909090909,2.45822728352164,0.43810961810336,Cần cải thiện
EMP0035,Lê Đức Lan,10,63,1589735.04071045,25233.8895350865,4.7,100,8.30159422264123,0.471384102442627,Cần cải thiện
EMP0065,Hồ Ngọc Yến,3,63,1391569.27392578,22088.4011734251,4.07692307692308,69.2307692307692,4.84736208474126,0.409648002589393,Cần cải thiện
EMP0071,Võ Văn Linh,4,57,1424079.92407227,24983.8583170573,4.125,87.5,4.49424903478519,0.415444795444336,Cần cải thiện
EMP0092,Vũ Thanh Quân,9,62,1658560.98577881,26750.9836415937,4.33333333333333,100,10.8580608331657,0.446180325813395,Cần cải thiện
EMP0104,Đặng Văn Phúc,18,64,1555049.00482178,24297.6407003403,3.6875,68.75,2.25599837305733,0.388302940289307,Cần cải thiện
EMP0112,Nguyễn Hữu Bình,15,64,1358784.64300537,21231.0100469589,3.66666666666667,60,4.06145233603305,0.374860411913656,Cần cải thiện
EMP0124,Võ Thanh Oanh,7,54,1347663.64532471,24956.7341726798,4.27272727272727,81.8181818181818,0.642497126441833,0.422678000537664,Cần cải thiện
EMP0132,Bùi Thị Mai,8,54,1345484.80236816,24916.3852290401,3.30769230769231,53.8461538461538,1.83381259724205,0.345344472757474,Cần cải thiện
EMP0147,Dương Đức Oanh,13,76,2194947.85742188,28880.8928608141,4.14285714285714,80.9523809523809,1.48371090246829,0.463125442873884,Cần cải thiện
EMP0158,Phạm Gia Mai,17,63,1523109.4909668,24176.3411264571,4.36363636363636,90.9090909090909,1.95459033910021,0.440477478548917,Cần cải thiện
EMP0159,Phạm Văn Bình,8,51,1169129.58288574,22924.1094683479,3.53846153846154,53.8461538461538,2.34807852699417,0.353224698050068,Cần cải thiện
EMP0166,Trần Hữu Mai,18,61,1729299.2456665,28349.167961746,3.54545454545455,54.5454545454545,1.74623397526987,0.387394318376354,Cần cải thiện
EMP0177,Nguyễn Hữu Bình,12,63,1625609.15802002,25803.3199685717,3.8,60,0.408053791375381,0.401536549481201,Cần cải thiện
EMP0180,Lê Gia Hùng,3,60,1482719.00610352,24711.9834350586,4.22222222222222,83.3333333333333,6.3161105540129,0.426740918143989,Cần cải thiện
EMP0183,Dương Quốc Hà,11,62,1565732.71594238,25253.7534829417,4,66.6666666666667,1.07799749838647,0.413943962956543,Cần cải thiện
EMP0194,Phạm Gia Phúc,17,65,1562503.14422607,24038.5099111704,3.54545454545455,63.6363636363636,2.53187072541717,0.377386552289928,Cần cải thiện
EMP0003,Vũ Thị Trang,10,49,1075756.20446777,21954.2082544444,4.11111111111111,77.7777777777778,4.05788039754616,0.393434261156955,Cần cải thiện
EMP0020,Ngô Hữu Lan,14,53,1375367.5213623,25950.3305917416,3.90909090909091,72.7272727272727,3.54972398098101,0.395249324009011,Cần cải thiện
EMP0023,Bùi Thị Vy,11,54,1324405.21759033,24526.0225479691,3.44444444444444,55.5555555555556,2.07721094874579,0.355019868610975,Cần cải thiện
EMP0030,Nguyễn Anh Linh,15,56,1065243.12756348,19022.1987064907,3.66666666666667,66.6666666666667,4.07855435959547,0.357247920987142,Cần cải thiện
EMP0033,Bùi Thị Dũng,12,52,1568920.03393555,30171.5391141451,3.45454545454545,63.6363636363636,0,0.370498838399769,Cần cải thiện
EMP0041,Hoàng Thị Oanh,19,50,1106912.42120361,22138.2484240723,4,72.7272727272727,1.10901905098851,0.386414745272217,Cần cải thiện
EMP0044,Ngô Hữu Yến,19,52,1185702.53308105,22801.9717900203,3.875,75,0.356914135150705,0.381142151984863,Cần cải thiện
EMP0047,Nguyễn Anh Hùng,14,63,1408010.10058594,22349.3666759673,4.42857142857143,85.7142857142857,1.13171913468031,0.438766320320871,Cần cải thiện
EMP0056,Dương Minh Cường,10,53,1368840.23736572,25827.1742899193,4.25,87.5,1.17056389933708,0.422130414241943,Cần cải thiện
EMP0060,Phan Quốc Oanh,16,48,1189804.08422852,24787.5850880941,3.625,62.5,3.43290049383949,0.361388245053711,Cần cải thiện
EMP0063,Trần Minh Vy,9,61,1412102.35418701,23149.2189210986,4.3125,87.5,4.50045363427909,0.429726141251221,Cần cải thiện
EMP0091,Lê Đức Trang,3,43,1054127.89355469,24514.6021756904,4.625,87.5,3.00350937222234,0.433247673613281,Cần cải thiện
EMP0094,Đỗ Minh Mai,7,53,1126433.17956543,21253.4562182157,3.5,60,3.80717041107005,0.347585990773926,Cần cải thiện
EMP0097,Lê Minh Phúc,20,53,1080368.66955566,20384.3145199182,4,75,2.55667354842493,0.38482212017334,Cần cải thiện
EMP0136,Ngô Đức Yến,12,48,1040614.4230957,21679.4671478271,4.4,90,2.70202858952341,0.414436865385742,Cần cải thiện
EMP0150,Lê Anh Mai,13,51,1221050.32177734,23942.1631721048,4.13333333333333,86.6666666666667,2.92142748707699,0.403929685973307,Cần cải thiện
EMP0154,Phan Đức Cường,20,71,2147719.62280273,30249.5721521512,4.1875,81.25,2.75659495008024,0.463863177368164,Cần cải thiện
EMP0155,Dương Anh Oanh,7,57,1551049.91162109,27211.4019582648,3.73333333333333,60,2.39926971071129,0.391729661363932,Cần cải thiện
EMP0178,Đặng Quốc Uyên,10,62,1637924.09222412,26418.1305197439,4.16666666666667,83.3333333333333,2.35862880470961,0.431608778866781,Cần cải thiện
EMP0181,Đỗ Gia Vy,9,61,1909391.56976318,31301.5011436587,4.5,87.5,3.34440414230347,0.474563494185791,Cần cải thiện
EMP0182,Đỗ Thị Hà,1,71,1385257.59979248,19510.6704196124,4,64.7058823529412,7.00625220376489,0.403115455987549,Cần cải thiện
EMP0186,Lê Văn Hà,3,65,1630886.85980225,25090.5670738807,3.21428571428571,42.8571428571429,3.28046493153279,0.354996068730992,Cần cải thiện
EMP0189,Võ Hữu Vy,10,64,1481587.92547607,23149.8113355637,3.9375,75,2.57135334749248,0.403895275528564,Cần cải thiện
EMP0010,Phan Thị Phúc,10,65,1753084.49835205,26970.5307438777,4.3,90,4.60300637667002,0.449185069901123,Cần cải thiện
EMP0025,Đặng Minh Yến,2,73,1407215.6237793,19276.9263531411,3.64285714285714,64.2857142857143,3.46958054381615,0.375861508855329,Cần cải thiện
EMP0042,Lê Gia Mai,8,64,1236341.86346436,19317.8416166306,3.72727272727273,81.8181818181818,2.37715804320295,0.37236232998968,Cần cải thiện
EMP0046,Hồ Ngọc Giang,18,65,1558909.99688721,23983.2307213416,3.54545454545455,54.5454545454545,4.64120191601839,0.377170963449596,Cần cải thiện
EMP0049,Nguyễn Thị Bình,17,65,1387973.01654053,21353.4310237004,3.77777777777778,66.6666666666667,1.96328815224077,0.385500603214654,Cần cải thiện
EMP0055,Hồ Thị Lan,3,56,1537498.45562744,27455.3295647757,3.78947368421053,63.1578947368421,1.7486670972483,0.395407802074489,Cần cải thiện
EMP0070,Hồ Minh Yến,11,65,1534483.89257813,23607.4445012019,4.2,80,1.7274224363759,0.428069033554688,Cần cải thiện
EMP0081,Bùi Đức Uyên,10,63,1481139.77966309,23510.1552327474,4.2,80,1.26297128562995,0.424868386779785,Cần cải thiện
EMP0083,Đỗ Thanh Bình,6,45,1076889.92333984,23930.8871853299,3.81818181818182,72.7272727272727,0,0.370067940854936,Cần cải thiện
EMP0084,Võ Thanh Mai,18,66,1814471.07141113,27491.9859304717,3.71428571428571,57.1428571428571,0.567565403541245,0.406011121427525,Cần cải thiện
EMP0087,Phan Anh Yến,16,65,1853677.91833496,28518.1218205379,3.55555555555556,61.1111111111111,4.91700202920068,0.395665119544542,Cần cải thiện
EMP0096,Lê Gia Vy,19,51,1109459.00054932,21754.0980499866,3.77777777777778,66.6666666666667,0.79486397758186,0.368789762255181,Cần cải thiện
EMP0099,Vũ Gia An,14,65,1310919.50494385,20167.9923837515,3.93333333333333,80,0.536160294839275,0.393321836963297,Cần cải thiện
EMP0101,Nguyễn Minh Mai,19,68,1488131.25622559,21884.283179788,4,70.5882352941177,4.56687537266628,0.409287875373535,Cần cải thiện
EMP0106,Hoàng Thanh Vy,1,64,1641680.40869141,25651.2563858032,3.625,62.5,3.8669360585265,0.388500824521484,Cần cải thiện
EMP0108,Phạm Văn Phúc,17,67,1520900.11553955,22700.0017244709,3.3,60,1.74912279726495,0.355254006932373,Cần cải thiện
EMP0109,Hồ Thanh Trang,17,70,1714561.62188721,24493.7374555315,4.16666666666667,77.7777777777778,1.69533130970269,0.436207030646566,Cần cải thiện
EMP0110,Trần Thị Phúc,11,54,1587797.72686768,29403.6616086607,3.25,37.5,7.28273068224384,0.355267863612061,Cần cải thiện
EMP0115,Huỳnh Đức Nam,10,55,1725096.30584717,31365.3873790394,3.46153846153846,61.5384615384615,3.8548044186084,0.380428855273907,Cần cải thiện
EMP0123,Trần Gia Khánh,12,66,1556873.47729492,23588.9920802261,3.66666666666667,66.6666666666667,0.701327368241105,0.386745741971029,Cần cải thiện
EMP0126,Hồ Anh Nam,18,64,1886550.43695068,29477.3505773544,4.28571428571429,85.7142857142857,1.36128190109935,0.456050169074184,Cần cải thiện
EMP0128,Huỳnh Quốc An,3,66,1398967.54956055,21196.4780236447,4.3125,93.75,3.42057114283197,0.428938052973633,Cần cải thiện
EMP0129,Hồ Văn Bình,6,60,1409710.75915527,23495.1793192546,3.83333333333333,61.1111111111111,8.63696891284675,0.391249312215983,Cần cải thiện
EMP0130,Bùi Minh Bình,15,70,1585778.19329834,22653.9741899763,4.18181818181818,72.7272727272727,1.7449432513557,0.429692146143355,Cần cải thiện
EMP0135,Đỗ Gia Linh,4,50,1239054.70062256,24781.0940124512,3.57142857142857,57.1428571428571,6.01949852230546,0.360057567751639,Cần cải thiện
EMP0153,Vũ Anh Trang,9,59,1291683.81134033,21892.9459549209,4.18181818181818,81.8181818181818,11.5652953185399,0.412046483225874,Cần cải thiện
EMP0161,Đỗ Anh Khánh,17,78,1986211.12451172,25464.2451860477,4.33333333333333,80,2.37644672739319,0.46583933413737,Cần cải thiện
EMP0164,Đặng Thanh Hà,5,69,1703015.98602295,24681.3911017819,3.9,80,6.13490082620206,0.414180959161377,Cần cải thiện
EMP0168,Đặng Hữu Sơn,9,57,1473799.31274414,25856.1282937569,4.4,86.6666666666667,2.26552295350042,0.440427958764649,Cần cải thiện
EMP0169,Lê Đức Uyên,15,62,1747617.80554199,28187.3839603547,4.41666666666667,83.3333333333333,3.84620262639113,0.458190401665853,Cần cải thiện
EMP0191,Hồ Anh Dũng,4,62,1525008.23278809,24596.906980453,3.8,66.6666666666667,6.750284915354,0.395500493967285,Cần cải thiện
EMP0196,Hoàng Hữu Giang,19,55,1220412.82067871,22189.3240123402,4.4,90,1.57533909288966,0.425224769240723,Cần cải thiện
EMP0198,Võ Anh Cường,13,55,1486153.06256104,27020.964773837,4.2,80,3.54094885968139,0.425169183753662,Cần cải thiện
EMP0199,Đặng Minh Trang,2,57,1224687.03118896,21485.7373892801,4.35714285714286,85.7142857142857,0.508912883795285,0.422052650442766,Cần cải thiện
EMP0008,Võ Thị Quân,14,67,1632306.95373535,24362.790354259,4.6,100,8.41467601927182,0.465938417224121,Cần cải thiện
EMP0014,Đỗ Anh Sơn,14,59,1314600.1673584,22281.3587687864,4.2,80,3.36069270124742,0.414876010041504,Cần cải thiện
EMP0016,Phan Thanh Phúc,10,52,1386810.57427979,26669.4341207651,4.5,100,2.02296047355363,0.443208634456787,Cần cải thiện
EMP0017,Võ Thanh Nam,12,84,2137373.52838135,25444.9229569208,3.63636363636364,54.5454545454545,2.99412098384463,0.419151502611972,Cần cải thiện
EMP0021,Dương Thanh Lan,9,60,1605214.22711182,26753.5704518636,3.88888888888889,66.6666666666667,1.32846446295782,0.40742396473782,Cần cải thiện
EMP0038,Hồ Quốc Hà,1,60,1509555.14984131,25159.2524973551,3.45454545454545,54.5454545454545,3.09373393068523,0.366936945354115,Cần cải thiện
EMP0061,Hoàng Ngọc Hà,16,60,1224137.33300781,20402.2888834635,4.11111111111111,88.8888888888889,4.65890137784522,0.402337128869358,Cần cải thiện
EMP0068,Phan Thị Mai,1,67,1697391.97460938,25334.2085762593,4.3125,87.5,0.679893057581372,0.446843518476563,Cần cải thiện
EMP0074,Phan Đức Phúc,2,62,1869962.1640625,30160.6800655242,3.5,62.5,0.494858664931544,0.39219772984375,Cần cải thiện
EMP0076,Đặng Anh Quân,3,61,1542810.23944092,25291.9711383757,3.90909090909091,72.7272727272727,3.76718912696,0.405295887093728,Cần cải thiện
EMP0077,Dương Ngọc Trang,10,65,1638285.96875,25204.3995192308,3.91666666666667,75,1.10220012170304,0.411630491458333,Cần cải thiện
EMP0080,Phan Minh Dũng,14,61,1459526.33135986,23926.6611698338,3.88888888888889,66.6666666666667,10.7102766077082,0.398682690992703,Cần cải thiện
EMP0085,Đặng Văn Oanh,15,56,1346964.07769775,24052.9299588885,3.6875,62.5,1.33657684410625,0.375817844661865,Cần cải thiện
EMP0118,Lê Thị Linh,11,64,1713920.87817383,26780.0137214661,4.25,75,1.27883267278563,0.44283525269043,Cần cải thiện
EMP0138,Hồ Anh An,9,59,1364745.76452637,23131.2841445147,3.375,50,1.9926252660206,0.351884745871582,Cần cải thiện
EMP0146,Võ Quốc Trang,11,70,1747800.13598633,24968.5733712333,4,63.6363636363636,2.44374558371061,0.42486800815918,Cần cải thiện
EMP0176,Hồ Hữu Hà,7,62,1456349.9675293,23489.5156053112,3.15384615384615,46.1538461538462,5.89849710972438,0.33968869035945,Cần cải thiện
